{"file_hashes":[{"block_hashes":["Uc/UGktTyLr6TGNEaP2TU+BeR0euQNmDBdCPgvRJA+U=","5xx2LS6Mu1mX/EYqKFu4Rqkx8V+MN6LYUy2kRNBiIlM=","r/162fh1v6BkivHgd0oaHxyTYgM6awFo73wZ9spE0Ww=","LRFAMMzGMyt37F/24CwpWCKUObAjXln+H9VHeHfQnSM=","1t0nENoCjr7MebWWnBq+RCdLwfO8UoXyLGC7gSBn+V8=","bBc7VEUZaT6nCIhcaW3Ut1R/ZnjZ+YEv8HqrgOIbkC0=","xF4dBev2DIJxrpHEzeNatUc0AXCzy4qRUejnoWhT7HU=","d2RF7zuJ4/QuKdnfq0s6VPC1mcoXhT7K8JcSu/dZ1Ek=","i2HlOEfhrxJBuBpcjUvhxlYJi3zGWHTJqUcwCSYhRtY=","d7zkf+3Slu64wGvTsSVSsMdNnX1xKVYapKGYqTltW1g=","sxj318bc4H7UpmAO0d/k7rBqEXQ7k/cpTfE4ZFWfL0o=","wSATWp1/zF0YW61xhXU3VWWUR0zxXDRrRe98kZQoG3w=","OBrd2d14jWmW1YIYyJIWHDMwIJMVl/x/WUXg+cNgRAY=","9yOJkzfasIEC5Md09yKe7kJnydtmP1xXBDf7UvP+ntc=","DYbRseRAMNkxvYRjbXoIJYWPbaAI9KcdJEmWdJNO7HM=","qpF0GWmwaJPwGmPIJYkFrY1Y68QtNOLlJti1u55IjO0=","E+d+DYXlfXbXHk7gcJMHQ2P3VPxVQ2IE1X1AOjoDE4w=","7k36sSYnj9UnpoiZ2EYlqjMzBxx61q4JPgElI3rn00A=","eFrFkjeUhJNQLa7fV0RzuBa88/HG5EyKzA5RZXJLJhw=","Gk9bGmd9YimAYvZZwqmrPmR9skBybsZq0KuZU6bFB68=","wZuBqUjt09sYP8PfAsJaINYtyJa0CZ+yM/yP/65NCN4=","u8k1SdzqZJJe1QFgRDdt36mqFlOA+9tyJGgMub+kBkE=","F3wvxEnrvO9NBGNltezoTLl6rfRJYJOFnZVKZ1hA+XQ=","Td9Uvno37Q+DfqxIGK+CxAZ26FQ+1hyu82t0UuyvVMU=","kiLnWoC0x0e/A7wmvQs7zgWHAIxyotIon0eMfLcck/4=","lkSgni/1qH/shoncyUUyg2yyBzSmRG6fvxzWwT3mxoA=","+atkgwwEKXYtW6IafmJNWEn5o0rCQt/UhSk9o6ezZuo="],"block_size":4096,"path":"backgroundmin.js"},{"block_hashes":["Os5vjaqIMuktaUw1/EB3TM0MpXe5EC9wA2dgHOqgNTU="],"block_size":4096,"path":"contact.svg"},{"block_hashes":["S/wiKkZqxCwEZq/XbhTiusL9AUEMXAsQSOVIUP8570Y=","oiUVQjDJdgIvhHqEy5RtHxeUxFzTLfEUPB/kc0gbG8A=","2fUqd68ORAuxQvqnOUf/yxL6rRqqC3Fm5YXAgvGE9Ao=","9vSe178k3SlQMi0RWAuNYcHejaOt+3fwgxH3GnOID5g=","EuiEe1CUce1+SHoopikkold/GB0ku2JMMzIi/Omur28=","7viKL2/Clq3FZICH9lthxY57DlrLgEBT6MWQBCajC7A=","XOl8EuiZST21BMGZko2f9fKn8JmnV+sBfMFmQOy8c/I=","T29xKkzNCID3NI9bthwRbsBxeoiVF5Kjv52zge3YigY=","cYVB5Q1zRH5/wAlsz/+PRxcYw4YRd1R4QkUHffxJtZ8=","99HPztF8keRcGOhnZqZZo1jlU0sN6BYEjZ5X6q9j4gw=","EZmF1qUD0PMitKMjJMomjmk5Yqpb60S76F3ZdaM78H0=","b23SNWIwaWxQYZNHtboCS96P3JRAQC5KpZCKyHjFu7I=","vYQ0symt1Q7fx15EGvt25K5SC88IMmqno9tiexnzG/M=","uhvEKPY9XhrjIiOehbxvdO4l6VhCEyf/TGIBgXUV91Q=","yOdBsUikqXIB/62VYI0uSsJJ621RaMhZIWIu39M4+h0=","hp6h1diW27I+9xQh8eT/0dIA4d1GVb/hhUKwtFLMxPk=","xY2z43VC0q28tA9sBnDpqilT73QIF2Yh3JJZdt1TqFk=","XZ4bMYsHGv6NWMe/oznldFIladgZy7MrdKCwEBKC0GM=","x+TxILs4ctVp1vHK/KWlKpG7AabxD5JuPGDAkN3hb8Q=","9xrP3/PAgXkx8gDt14+7Ai0+SOKHC+S14i1wvl2Zvt8=","CvaAPaIcvCWxi0cF/4aDg5mufERCPlv0OWP3ks0MAUs=","mrGz/JKwxvNnWN1FCl6NU66BmgeBT0Gc3IKSE4yOu1c=","XdWE6iqQCUEhSDVW0NphPjJHARmt5mUwHborwDLMhu8=","NOM0HsLuQp0qRNFDP6PrfHwGW8rE2n/xWXzrP547HHE=","KTs+xsxEaKGRjMx/wKEBk9VTgJrRPoA6EPToetOoKtU=","hInZoUr79/4jFYOp+xEZdg7338sSG1B9VRN12i5sziA=","nGxqmRQSrxzgG6gz/HHIxB4NTrlZURKg3pdO9od85vQ=","KkwbrpyoVcV+Y7lUVGNLRF8vRDQgX6LmuiKdBxB2Qxk=","ocDmq/jAkpg6LlyXY7BmjOUW7s7mv4x4i6W/zQwxdd0=","SVLcI7jvXVQLoBYgo/+GSfW3qykUlrTLi7UxhXRFjGA=","xQvSvx28tNbw6BgrJ0ttPxjkMEhi32sqNy4Lx6QxJhM=","H+fQEJNyiO/3AIq/osMWqlnlumzXm/am6J212BnZIgc=","Fw7EbtflUYtHhrK1pBwN8GGG/BwkwqUN2CQwf6e6wFM=","CyfAo4MYySM6X/syN/2MoXwwHugrVoUHQQWyb0iDhIo=","PrVZCh15zergrnWopPfIg840I2tAdCBi4uCTO+Jzt3s=","0lKUUEXASnv6xe8oFnnwuxMMfBBvAR+CqwPLdUl6a+o=","O/fw5yzgxh94fvi2BvMvf4TDeocdJa7EoHCpAIKm0GQ=","hEEw+LeCDLIF+bREKYzvF8fl7IYpkSrOSJHOP93P9S0=","4cigXEtZYDywhM9EGsHsB77iq5C6Zx3VJOEYVyqS8mk=","C+OrsdEeYyNpsWr86Gk65hfrMcbtY44lqwZU1e0bQUw=","bRPv61bixwErlrHCW/nbgM3+Fx0CqD46gueMq+T5hnM=","8MMeKJ0MdMRKiUri7j6ZS4kSvAztVmAzMIcz/NnPV2Q=","/JYOWyT+N0OSaQqq7shiuZq1BPaXIik6XGYr2Zw6psk=","VyED26RzMZeLgIUB+U3zF7EWE0VKOlAg9x2tOI3YT6g=","Ol+iP18TcvS0m9bHSinIVEQ/xiNamkCRT0Sbf0p5ncE=","caahMi3SnFZXebLPZhNoq5E+B4tq8wP6fAmt3pBQk0Y=","oJ3ujsme37usMexpGj2RT11j4XDk1tmBelWd8wyquWM=","/hd6wxBb7pIDp4SflCBx61rc1aefId9jnBL8zQZG7TU=","e57E7m/WzuNmk5kaZ004MdadiRuYIf2wytLaWPxswJ8=","AK8fTDjYqvt0EAW3TxY6aqlnjKKJleH2VNsRncMXLqI=","62kRmNQXwvbSqQ+TTwaaCN3ZjgIeQWghyF7Wy4NQoH8=","GueOXUaX0zR9BwKctJ99m+aPJ+Ww8Y21zEmamK7zlog=","t3iwHNAx/LIamyTrFMzvGnK+sF+VweVB4hzplAGHslE=","CgW5U3gMKgdpgeattqg0x4yMyrcdnHIAEgusUwet2cE=","rbDO/2omTWK7Sbta3CVodre3qt3utn/uBBBysXdE1oM=","ld65Q6VjhU8Ph08F2Grt+x0Ckar9i4FwD82G4aapl/8=","TzGfo15+Br5AZEodioTlb128zTMQRMIDigBPVsFEfnM=","F7wVgJKUHpkouCqE5tRW56AwNZeEvp/rbavmu+3hf3w=","C8wFPxFE9wekpPwZqv21lbxzfKd87PQ+152QSsU+3CM=","NGVPINZ7qWXJ0r81dRclW/uu0f7kv0Ey9MPcGBDKKRc=","kVW5dn6pRue4NX+Br+UFE+di6CiOpF6r6QHt01eZkIQ=","yTEd9X0ZZZ3bvuHg4HdEXDHXj/OoNYWnxS3V1P2Udgw=","DxrRB3IlUz8GQOOpPr8K5XcpxhJ2/v+y/+HPKxNoq6Q=","STHA1dFW/eScLU14yPRKLOHQy+qfyR9KFtbCPzATKdI=","Z6VPAzyF5TjsL+85B9qcz01EKk1d5oEFyxC6rhkqUjk=","R3z3P+SwIj7Fzew1uQMRFM3bkSjZl8cDyUnF8/QfoB8=","YYH05hRhuGV0iQ5dJx5Vy5TRi5WsVRohIkxkoGoiroc=","dNt0w5GcnEUYzBOthb83EEG8cANnVwR+BEQCft0eAcI=","KMQnChgXa8GHc4Q16rkV9FbcltRizzAhZJRPocPWYYo=","Gn0tNTF1Hp2kILh5+2rtNBDpdYL3y5WQAhCtV7e2Nfs=","ZaMDWcPe0k2XqwEL59nFZUaZ8kuV+h8sdXctElTTHDE=","XO2owxxet1cdZTGj259z898wafnFLvVdWfZxA7g6N5c=","LDenxb2hxzMAd+IRsvZGb4kt136k5T4BHm+UV8b+U3I=","NrtTEJLWzuQpQEBf9vDqGGWmFopWID5MrupjkZ2bZd4=","Hyl2kEesVQuwaviXQRVGeal4i5dg3gptYBLyidvXi6U=","3p6TFaqsI0vdYqhTd576u/uZkNNnJBqrG6tBWlc00U4=","tWoc6MuRspF13DKNxIc7UvWwN58gmiH3y0eH2MDIZmY=","H2vThkmMeA3y8KHBPMXtluR6QzqqwLdz33S+kGrZqVU=","AFfZcDyqv68i5dkl+UiBeS71knIvN3QedcSTiPK6ybk=","SN0tBgcYwSs1xO8J6SLQzzCkyPpmfM7NbAW4YIU1dos=","d1aCiByD7Vcl4q075ZAlB9lFkzBoiuQDYyrrCLg9QLY=","aHbyxE79qKt9ACJFdW9X6GaxXlr9W4Cj8WRQ6uJtgQE=","lINrdQDqr+bjSIf57QHEUKfoIlWmOLWZGjLS9hRB2Ec=","108RNAY5JV0Vz/2HsMtJDR/jo6mf3Q/nwXXxzHRcdIM=","hLjXJEJDk7drO0bYnfgPXpKSD7C6SirwRfi4ZNX0VrI=","BeAX1U6craaUsTTzu4XJDALFyIEuYClZhn1w3pruFJ0=","0kSHXphlge/AzMovLm1oykR2OwKCdFa7khIg3N95Ewg=","UeOdqJMLAL5XvlpuO2QIpkT2wd5oBeUr2Fep3ygVEIM=","0thW1/j0qTKDKq1l7+kHwsIydvkJPzaEO9yKlQfUmdM=","liIGWH3O9iGGb50meXg1yF4A1WB0pcHtS00McRh2EO8=","OOMftQys5YFioIfBIzloRLWwcKFRvsIQxraawOWLtCY=","jtV6t9+s0g4vdGVGOD0vYFqK6QjO21dnTQnkpY3ILnE=","r/2Ky/dfCozuUibIJ082wBHR88n8Ym2OzXiFFdwApXY=","xfkuva2VXpsE8JhGOIfamTyllB/4L+TDb7JCwJF/YhY=","9tZ1weqbmWZmc/gw136L8aBfUGOXky3n+A0jFKIagr4=","yrlMmX+O9pQEVNxNc2Opg0+oHtNIaB26sa04VcN86e8=","5o73LpwPrJTmttHx3COx/tD++41OFy4NEQ9Sd+hargg=","aFrez1u72IRJZTvaNFDi5Mzxld6v/N4pGSyzIwDZ3rA=","JzCaZHg6FTnaEI8jL571uwyzqzoveVVYne+Wjvz7dYo=","oLoaFyECDwTyXgCv1yQIynjmC2jzM4YBXJaEFjgn3so=","lI2d6kDy5vLHeNZyY35ZJA9lusPU2apDpQjYHfup9lA=","NrnYEH6rgnsKh8Xh3hmyYjGFcJfj1Cu9vnS/85PO18Q=","xAVEsFb1SclcBn3o6Cz3zOTnHijXvVYAUps5MHDRPA8=","XTQ+MiuRWjgWVSAYmCTqKX+NuJDdnn5SbztxaWPW34Q=","lewAJejt76gZQz/dJ5wB+GCDL0fXvUFDHTnzlgdi7IY=","+R9Ht8+eYJGrGbMLRl/kf5cVSdw/G5W4LKgqeZ8On64=","hwJn+juqCRL8CmhWSE82rOjJK/C3RLNSI69Cv2Kjf9Q=","K4ktVu8/wEVVjZnc8UiLfuZCbDtvZG/+2mxcC/5EnT0=","8xeG1HksDyYFuhvz/OUwkmegh/GJnoA9m+3LGExYhmE=","ei6oYhPj0WwhJKu51mUwsiU6zclZFBarCg2y4qzs6t8=","fUcCj3IYZsSczMsGRhiEhkKDOBMK/Pf75TkYPZ3saWM=","YWDCwbIVPz17KyzpepcIfwZZNI7dpm4gLSbgQWUiTko=","l8sA3DFCtSdy9qlOKRlBYzn5AhuR50qw461XSiEY320=","LZVKKQQkLLADZHXA4t3/cg+zZV8n7BWcarFtNloQ26g=","Ua9zEjBP3zL7ojrdx5s1FBAW7feuIMIoyp5ngSIJSFE=","YeNQoRTWCRau+CMExV/OSvBzAxUO2SwDo5sVantB4mI=","gAoYIcg6DDMK3Qx8YYDPne/RvI6PybgnukESIAu6Kys=","aICI7nVrp1SdSUnlyv1+RvEHCa9j7MvJpbRPKz7TEMI=","fE/wH1aq3T3YWpERDk8ib3Qitqa52NKAwXNUNJLlVNQ=","rnoDd/ggq1EROD1kg839VyDAx9hko1Bcd4OSrVp+EWg=","4w3tZQSbc+NnAOyzl3P4zm+0l476KVA/U2ueCJPJ2MQ=","4IHpD9u39DezOtA+hkMsdwChroUBMcJQHqFbGTbOl5I=","K+t7k5yQ4FC/3AR2HcTZuxXrYTu780wl+c9SpDi1pqM=","OOEub6eRmo/LsBEK2ZYaxbSz7XRiysHGPfpyIK5BR84=","rKAxbBSKQGh+zN7OV7Uy/7UtliQ8HtIWrnMI7mXFlvk=","kd8DUSs96jhw5fiK+GmsZu4Mgv9/i9GyMqX9L2+J/a0=","+rERcyvj0lPn9DYoaWz7fvO1qfxJRXNpizPG5uSWmxQ=","wp8J7Nw0VlHlzSghgf0Hn5DnYr/BLKP2FZMSWyy08Kw=","bDfmU44tSzvzzjKkBhqVhNgHXE1ZeAuPp3A6kHTgbNo=","l3KBtA+LcaMD5ZIqiSK+U+FSU2oNM4KWgPZ4+BHRSTI=","J5JR1ddWoPxE1lDWukAnznreT9Wyt+yfy4CAl3fPs70=","wCATxLOxFVYeptEy1Vsic2UlInKtD7m+Nvi5d7XlPwQ=","Kw6DgWSuVW0PB9TaFeThMhz1pCKbZHkTXyVsgX034g8=","8pwkDHW0UegiuHRn7HCRPknJd4wcAeHUYXIfp5dy/Vw=","Cxpv5CZjOPCf98TwM5RFNqaFRKJAoZZ+SudQyV6Wf10=","V98Ma4Q2uF/fiBFH/qkirYq/TUvSAiKsqvKIQhD+PzY=","oMKUwkq270JQna+uz88Zvmtw1qZRLANXAvKemzcgbpI=","QD2SKqBRRBtYTqK6WgCjRS4c4qOOiz7UuNztW+oOBWE=","sX8rL2DbBjWRTvXKJmr8/RAm8/tO2c3JBWhTlJkwowY=","ALQgGbAi2CcllR8AcQ7liqHYrbLxLHoWKIbLz2jlN9U=","LL/W+Mkn8lY7SAU7VuP9jUSjSxYHiOu3REc+j+B6YhI=","QTe9wkLf/dyr5GrBdotbH/HlUWKzeUvilCUCfwYsbWs=","qyaRrsMMYn75Tc3KOVImVu9JqtULM9DRL6zPyLvRgCM=","7y4Jw+FO0fFMN13lRBFADsyBT18T1cKI5mq4xLXWipA=","ivU2gIzaV70YfYCaI2KEiavpBVlq+VzV5Z7AIcPEb24=","V49vBQwonuBa/Ba01Vr5JGjQLujCR98GnHtqr7ISUew=","LxWcdBqjWDVy6a5LY7VJXoJEHDkyasyfgal13dufqVw=","AMs5Nygs/r5/bga4OYpMdKXbTiJXXOqsEURiGjjvfwk=","MlmIxihQQH9Q8KVz/GL3IiN2sX5RJzLfYZvTGfA9FyE=","ltgDNVHbqkK6QLUAspbsoYMUCW4+WjUYjSbkgQp8fLw=","nB6jzZAWWTv65p1QROmmCqQ6Hs833MB1xnUFlfwCAdk=","9eQK6a2JSuP7tFyhRo+nwJEnqAhalTMJ8xBTwXm94Qg=","cbjTxiiDJw5kGshFWIYmP3AB7Z57KVYLnFNhqv+DP9E=","8232w29IY5GJ2sB1DpFrre5rXYrYA3PtYSLAlriL8HU=","qh0eXpw9kcqi5CaSv4Ddl1s0e/QKWhDGPYkL9twL7Q4=","VcnAsDN+pA161sc5K3dkhAL/ByURDOfgACwMT3suVjY=","wH7B0rUyl5C4FJMLtEbbjFW42kQhkGC7x0mlqHHBJaI=","+E6bLKTu901xzFumDVdt1swB42E1AyW1LIjlqmRuobw=","GjthjU3RnZOOH3WW4R9y0QwdB8YpbqxBTJMXMjMtvA4=","/u9HsLVnkZn1PfIZapoaAOF+9zGKlQB29xNZsE77fSk=","IuhMPC/Bv+Fwd46zNvhSPAMWMfLtsHicCNPeco48u+g=","26tAPc7Y5/k6VwuPH0qlGtzomktQb2FaWuVnrJB9Nvs=","6f8QgAlbDaIDxVSTIK38XWrJrqkFnGD3rGyr9fRjrv8=","6/CF2YrcShh9/HkkwE27M5iwGP+02lVFHizj/54AgBY=","HSIp++xLvJLKGs098+VrJMpLYTDD5xtlzZLC9AxqKa0=","UhcgtufWsLnQAFSpsd2LxCPopMdQS9YS2Xcr5Zk59N8=","WchksLp5G+2M4m2a4PXYVRIWhEuMJsUdeYOWcyhiR0E=","vb+6AxFren/W5ALgoOEZqRwY4nNVjFfm9O5eArg6JlQ=","44eA9KRIMkGuBOtvKnZCzkoHWpD3M8B/IFHdt7tzbE4=","nIa/XvDNk/vkuL1mpIme83tVJ1H0oYejbbNydLA5ZBk=","Cpf0CzY9haXbLybjt4n7FQddKP76l9CtNHA3g7gSAfg=","DzGj7WMmjMAfEFu55xJ65canADzPUyX4wISPbCXHgjY=","nKzp6Phqwo+EF3pssswXAj9qd1UkTF6U9SUhVWd93Z4=","LHLnZRUbqT2SUkWpncH2v5dV6/cN1EKQJjLx/RbTMM8=","4XNomaaGNcEc6QwquXx0XnFuk7tW80ag+g2U2qXOiqU=","RRpFl3qtWYwKJilaDr7qfPH+Mt0T0iB19VlPF/M4tsU=","1KRxY8IyvtoAPbVawsNg0aJ4PqmT7fTNSggnzkfk60o=","7VnyvJ/11kjoQxrcpWf+Gwkg0+gugoUX9KP2XImpzGk=","MAquf5Aku9K9W8a7+AHjlqox2X8RBfOu/O3co+/rYMY=","maj4KosHrs82s4hysGvqePdVHTfl9H27xe/Hb6fRsb4=","7Ha+J+DOsD0klajz1XJwbYdTcoHffvz1wjZlr+yiels=","qbPnZdhYTYZ75k8I8LySSn8gpufNYzKgUlVh1wKMafE=","rKKsbWHP7PH9n1A14ShwQEvCvOzCZUWy0d9Bq+Q1tF8=","qrrYg+Cg3eInWWAB6is6YU1W5y3Xog9ZXg6ius+hqOI=","Bh1v2TNXB05mg0rNQbSJrOoY7AMzxBWFmPT9/OwkQRc=","q7NZOgp7UzGbasDkXTHWIyF5OzYbsgEOYLy4Xwd02tU=","05fF1l37GCAfR0bqY0i3a+giKRe6Wg6L2KAv8Mce5bg=","BirHkmFGx29KGqWwhMtTp2JnyxAjYGI3dUmJv4Ug3AE=","pUg+GbzdM2FjRpsl2UhPqZQMp0RQaBAIKTJ5ofTXYz8=","5cb+ooHRwwB05yjiWXmrA3vzX4h5lwjMxsV1hrAHH6U=","OrJ7ftp+xa6CMcK0OiGI9wi8znoK2fSvcGrGj+tEUX8=","D3HZdylpR4bxTB4W1k5ZtAfyZ9Q9r/1IPUUp11wVy5k=","L1BgILzWZxGYPRwIpfTz31UBcz2TgnIIHl1JCTOLTNM=","KQ2QJQcInUHXTtBCsdFPRCXyrdIH56mMN/IBeXle8Kc=","OivJ01B8+pE8uxyjGZbr/Iq+N/LSdC/FmEgZKHl0WZA=","zLZvAMR0FXm2LtN4BAP/FqwTwhsrtDYq88UL06vQjfg=","deGIQXG5hlPxJmD8P4lDVqK+fHzktI9udlzKdp4R+ro=","pc334LgNkjIvAXO+gpc2i/TjkRlZan8Z6rUv4dd+UbE=","Hl0n/vHMT7VnamRaxAf561VEgotIT2Fp7yeJQGvM4DQ=","h52QREk8iC5p2aLxqj0+aAsMWllMMRw1bRgGquzQ5WQ=","iW6YphYX3z3g5S7J8Q0Sv1gXx45ecjppnZi3Rv2kgmQ=","uGPPY/5bNiNZJttJjMAHNb6UV6eiNTJOUapCH5yz+YY=","vde2w2sJZ9z20Wf1R89n6y1hKze4MnvGxMSRlmn3BGM=","H1JF/0rTurT8R9iTLj1gwQO2HpWCDsZyWZns8JJjmlY=","++is2fZHDW/cIScsCGU+TI1LgYyKSmIk+ctRTHSHmq0=","YZ3llQqN4cNkL2YA5wHc+F9KDF3h+Pzv6F3AmBNOE+0=","3ObncCtyNCOc4iGNohMnRdDPMEUt6mg+7PEf1YvH6i0=","23KMyHwwmourX3j1SxnW+vD/CaVE7MqQgQSuaUuqFB4=","7i2kdDL78w0afbC6AH5efxJfOQP1+KaW9onj4nYpv/I=","981H6egC8BXtPYwj1zuyWWVWsbkD5W+POGQqcwK3AMA=","nrlpSHhxIlPRssRd0ZvqSNtqDl5xA6F08e3PH98Iit8=","Bl1a0aHk6iPpCVI/CDo3dAoELBPWn6ghG6B7hI+kdr0=","t2PcsD2FDR+8ANZd7rmkLY7XmbWAsN+nse5LpSR52TY=","gXds8x9e7yi7onkzOzkkndGAjaYyXNHylmGrTzo5VQk=","uTlToCaEcuaKUkaQXuSUnc7qA43XmKatTC3kqsFVlEk=","UJabVjMcc/6/0pBzZQlJwwA0GGgnU+p+bxuuwgJXaRE=","eCI4o7hi62j+DG1i2SYLATBpefQ1UaZZtIICcPGJM90=","9Vyp8JwyM3wW1/CqDSGHZm6MKu44Bx/uMxVcQxmnQ8Y=","MtA9hfHI10ZZKzmvrAu8/IrciQ/6k1kaU2adJQCzSek=","eJgEZMNDyn9wnpaR6NHDW/LVVZgsQ296/lJVyd9EF/k=","nNI3WfmxyLpdqte6ihG4dixSQHyNCr6B6+bzXBDJvco=","KEW0QgdmphFbAs4PQQcdm3tWBBdjOaVmU2L5xw6c4Wg=","60EPdVs59kpp2AWlErJqSp8FdBKJ0+X7KojFc7ZhihI=","hziTICxNa6Q/hevsdIdUI+b6I5IMgV/a/OJVuRSA8qc=","T4K82z6Ipg3dkVFhZhQmDv2woo5eSkDt3t3ZW9S21Og=","BEXaV6RdpLK7vzX+Z2jjiKP5Q521/h2qppmOfpDl0/4=","dgsmsgM5DaIb/Ozep0DWHr4M81eFBUZFeXN5lxszja8=","ZQ2c1z9+UIoTe08/XR/NGu+Yfnf9vWmbw2OgUQ27A2o=","RE1dR8cixT6ryVc4tHHsllR7NBM4MzlVuz0bliCZC/Q=","NvFCxezx3ApKKLpvX4g3gJwqIWKll/JQhLm+67exMjI=","xP5NcUd207j6P6meU3+ctlgE/3c9hIKKOo/UMs0Tcbk=","32oJpm7BpA/wWfscPUDwUHSWX49jofeO1zu3gYNz4YM=","lQuQT3ONtj0ll1U7VIANTr1PnU1ZthKUgrlpkhGpAnM=","qH+XvfmRqSkJZH00/+ShnUqXkmhW/QsPUVE8ewUhd4E=","4AnTZcaeI+d/DlKLrgEtZoBLO9TCz1eRMsuCgIAdKUE=","fXU0j9NdxSp58CO5D3/V60NX0gPQ26OxLKlIc2eAOa8=","JJs7cI+VSQnjypCGi1KxM3moEJ8if6F3Y66J5W5jCLY=","nL0/1VJmQU6JV/uIWpGDMdVRK9MK6WaZYPDsXd0fm8o=","Ol21WxqB5mIWe+bBlZOmENwwJgcBWgMBgqPZhq5Bv7s=","JIfGziuwkAwJeDw6BQeg7QAbCr1J+w7I8A9HoFpap4I=","riPjsF1Q3UyLpZVHDP9rcp9IN6a61rWu6Xai+b9rD4g=","kwXDXDj+yVzqgxeeFfv5ZgT89ZxrdW/vGjzpwCqHr0M=","MwDEylxfGJOqhtV4tWC8nZAXtf9ZkVipSR0DWre81jo=","qRqCYbpja46jd/CKLkz6eyMm522Tj50OxjOgyLv4aqY=","C+rVP4jDLUuoQr1F11+SbD+dY4ddoBfHGXmOI0YNKvY=","i8v6d7f+TtWrnxWsIEk5tK/c/bTcb34nV1lqdn9aS24=","7txJ224XFuf5nR/xNp73jk3f/+wceocW+Vu92TPT2mE=","u2RIDqTxvXyn028Sbj8gHudguUNJlRU40luxC/skdjE=","XbJSSyLm6OKqlAojlm4WA+8vwiL4RTJI7uH+Gmzlk5k=","gt/aR2CxmxhdklV1yA1D0YuHbjfpvPXmzuxBfUijLZU=","59UK5QzU5tQ9ZbEHS8k4WtXsuv+VB/M4be69fcQQATc=","PLrPrvY0YzoOctd3gR5H14clP/JlZs9eqKsMHFLaMVE=","tJXcJwSBsEcRVg0qkIHJsZigIxOPhJ2xmrVVrwWtON4=","YYcqc8FiYi6loxYXFMcL5o7k1e0bfYFCriPkT+fOqdA=","C8xfUt52JVxTc97olg7v5n/1f0bln5qJR/YOgLBV8mw=","bC8SZyNqyqzB92iUtnjeKLac6+JcAX0FOOyUDUMoIhE=","hPviSW0AANPUq7m8DiCPRWDaknPlGEK0H/Sshef4mzo=","JpHm9CtL6lJEI0V4+QY7B7jDzi3hRss6hhU9t7eObrY=","0vHnG7lDpO/+LkEIvHF0K0R4ygsTUHLiXdAwllmGUUw=","Do9Ees/XfMcOwi/hk/Ab13l4BU4qiScdvE8w1wErpp8=","jN449qyNwCouIQKfldjlMGevvRKcr6Jau4Ost+ApZVs=","6ntPKoSBvAssbmm1XYrhi8lo4fQlj6YQqhXcK1XYpQ0=","VSkpWN4cbCCgoJRpERwwdmKI0pRjL/qlQ3xU9rkeM8Q=","Qm7cXkAYI91fbWBkwPcgKGp/vIjtez2X5AbeVGvUM4M=","voLVomCcFBsQu/hEgvXFeCdxLbKKdR5BlDfAgzUU4sk=","oJ9gD8bf3k0F8R+JCHNaT9X6pMFAxWQU6lw4DQrTLBc=","VhPW0KYB8wz1BDoTwtNrhyHJCW9aejKXd8Di1HMuJ1g=","SyrNb4wpMPvCsEb149ukKQr1MS0UCqRAUWddDLi7vR0=","/7VsAdJJg51v6dxGY2BmeJHhQG2Gv6FB+X8SI/dFuw4=","MKZklm0b8GhbVaYRoVrHTFEpWi7icVxuWxElMwWK9U0=","/PGB0OBjlr58XrCUKwCl6SVSg4t1qeyxoAJo/dgfzME=","TyTmH0cs/FloK1N+fL2NS5PZSlIRwAKO3aXuct/Ersg=","e1yfUw+7nD7IB9hV8mp5vttvOCzHHLMNO+eK1EIV+jc=","x6CRyWCVLFSPdlm3qEypeZOhmfEc4IGNWwLraFnujrU=","N2r6Gwr4sM76Zz15mNcOOJbZKb/QRCl83pUEZfOa6i0=","FYhTeDjjk+cTFmi74KjZ0iukjtdbeuLrSUoLHxnr90w=","kjPEhK60BMcXd1dRyQoLQlq+xQBj0ftic1I79su6lsc=","L6SEa+UbMVAM7bZW8IViMsp5EEGV3zrEt6CHzPBO8uE=","GUmDvkBvqX8Fuik9CpsPSy95RmnCNMrfdXGkUNrLq60=","mtY2KTxg7YCV/asHvjutERTmrO8+q+qk7HsLC1Se5RM=","hEMGN9wkSU8ChXhg6jlEmahlln/dAl9n3IF+Kj3vo2s=","mNTdwX6CvHK0oOAKbq8ScIjpjJzlWMvcFEoSzuA1uZA=","vdVTa00tsCFl2sc9vU2zoFijcpEMFhgJfa4+rW2yFrU=","zP8fAsQXGgP0S8kvcM6qE2/OO0jxpayIlcM/JjAXJbM=","v+sosEyF2fjhp6keeXNnjNUt/yKBXbqc+QF4mXKK1FM=","G2N5EaDCzuaKq9hm96Zxk8oUYPeriiaKFZw+ljblPiM=","3JrscoU93Xw1hrRS+kLH/SzRdj50sdFsEY6PSq6xQk0=","iNr0lVs+G2vOOlwXAPp1Nmz1uMVAj4gJgh6UMG3Mz1A=","4Q1o2khwas8jls/URNC5K8HWfRSaIAhj2f/0r2ypuRM=","O04aJPOQBChg0LExfi8EcexD2TMUGaqaKbtnbLR8W5E=","utyq0C9kVzdC33feR7xOEPMFVBhkZomXUcwRaFjXgCM=","Z3sSnSyQCZI1iHnUHRSqeqhXgfKaJVctdcjRKJMr5VU=","A/aaFThw5h2mOi7tTONaIDq9tyn6D3mitXJ8xA0HHis=","6fmR2yly7SMXiSGn2NdgGbV7cCl9k8/CZ8aXeeIj0LU=","wHcOFOqEDfhv+4K2ax38nI7/tQbkoFszXe/RaNgHXH0=","HMUPMSNQgsw5h8OiNvq0pw4cdd/z6vPXptwprXyvn2o=","EQTnFSG5g6Kj+vzYxDKtlmEURK2+KhIbAOYm1H1ciD4=","r5SMl23+E5l+KPC1rSg1bJMUfVcSY/WsSTTMeW68YZk=","fjPXPuxSo0ME8FH+HYZiQhdi5y0MaFrnAPeAy3JOpXQ=","pJNJevrKtLhGVmTWAoJ1BtKLUMqMItCqaW/3YkEqM40=","FVbq2Ro6bsaJrzRmOnJWi0GuANeX6pTtsNl5DXTnp0A=","jvu83eVZ+BVbJoGwA4TwYoZ2CCGm0yPLx2+IY7ut5gI=","ILk7tq2uFGmBYhClcCaxLPKRQTQEZJ0hXzMisVAF72g=","QC9di3Zhi1w0GtE+9b8AegsrHDnpVY/zxJWaUv/VR0s=","Dp3PEWJ8wt65YO0Q75btPM0Nm3dJMzWONOQn0b22T6Q=","WgQkU8oflNT6U7ZsQN/82qMR0AmFFNhBoa9Cr5MXFx8=","kPrUI+J4IZu2gca9TZe9NaDIDCFg+isWD2ZbE2O/MCU=","2co7rANcFxqHgddvlc/8k8Tf4LluOoMssLVw5Ep8od8=","IUcbNGSA9bcB0oD1r2G3/+J2ji3PmLS6MvubSko79YQ=","A1Ke7eCrjZtSv1KDBu4Z5ToOVUU8H+BuphGguIEjmag=","SBbPyAhQv4dGHUr+9U18Utv78li5ZGwCL18SYDIj/bU=","FLqBcI8FZ4WGc4vCPeegEYbRj9v54kN/j4yeqHB2xKU=","SmVPX7HhL5tyW2UBovtrpq3vkK3JMrSkP3EzygCYHlA=","/iGs06xqmEnqo/DtsVhrzWVdu1YESi42oF4qnMVyFJs=","rec7YbDe0aW4wDkHKUOP1AW/1ya1Didk8GK5s7EIqh4=","JD4FHPJgAyg58dNjn2tFDOApbmD0waQSbmgVJ2eT3To=","7pT7hOL5delLnqfbIR6y97+ija0+2lO4kgguh7U6yuk=","Z7l1hYUyE6dSGXZJwcY+CvEB/BaSOtxls/TpWdm5oL8=","c78AFeanSV69t8u9GEF5ylB8JRtvCHZRh6rg4AT2BAs=","xrVrNeKZadRvVbXxS2hFT5a/yj2s+3Na8k800s9Tdqw=","C0pc8zfGQ3ipe417DgbOVrKkIzR0PJo3+bWNPwhC3NI=","BkTd1Kbzv1t3+hKzfU54wrHmQYBRWX/RWhc+mXQKlnU=","HhBbbeRDp29ZyYgF9wVZ+9PPuY87U1gawkLR35Lg0q4=","mh9hFEJh2xsNAX5qmn2Jx8iXZntds3DGUY0fW9ofhHc=","RVxtVazPHW4fnpvbz6aiPNP20F6plzgOZaeMtb6j8DA=","gX0d62PpHAUVzlvcr6WbtwKMwZjZuex5G9GSqELRS/s=","BYpUV01+h0HpZiwIkrrLckH1b9adqHFVJKX1hC5RNyI=","V588vN8PWvH1p4CqyUbsoRhQR23EiQR3w7qEaf+pVvg=","+LIhqYimdYkZTSLYOUVz6WQOIxE6E7E5jz61PA1DGFw=","olabpzP09eVf6+Mvtkom6+lH4zjI37uTN8Uj6mguDDg=","/e9IHiV0jcXNBXCMPRjF/5X0mxQJ1DwvycplmADhPIk=","3dRWxZwJeMqhxBQLyiAOOgDcNWBrYl6+z0bjQ1Woufo=","oxVjdp/+sfdi0UlUtv9WX4z8od5O27a3g9UGxpbLN5Y=","6bhy41SurkWieDKdDnIEhR1s/NdQJ1KGigg/yLCWi2U=","5gWBZUuhXNVhF6U0y9i7IwYlfvD5VFAdqsBgGy4Q6uc=","bo+6BNHQqDqFMgbkqaarIXEPBFkKcLbimI4UWuKBb/o=","1etNg6Y1d8dj+kp/suaWKJoySqWfOQtXq5F6+SxhUwc=","wBIHwKa7SC9HEzSd8X3fGO7P49dear7v4LPNp8difKM=","09HlcZ2p2UPqVArS85zHzkR0VfpRvCSUORF8aCLGRhI=","V/R8qtkaNhUJ5IVAzEBn47wkRx3aa07KV0ZafYD5UaU=","wfPDNAXB540rXZK5uEHRRo5V1ceAIK4ALbudiNXwE5c=","CKPyBxlEtSJ/psIKEoCor0PQKXk7W8bSsJpxQIOWuuw=","gYPf7JHemAyttLn9W8oLk8aEiolNHUqpYdQzDg+36+w=","bds3FPrtCa3D1gUI9HtK/0c2rsSWi/lMw9P9a8hN5no=","Tziyel0fiLe+jYEzNCDubj4ah6ebDVafhnCUiJsk+jU=","/7gggH3/hsb1LQUAQNb8gIPxRgEW4mFXZPL76UCvPts=","oXovgSUnKsSH2s7W3bTzMNU5FU+1nRCp/qq3ea465xo=","bYQgYIhR9/OComoodEM+TFXQO3nRB2O94snDXLHmG5A=","R4o5L25nC4HKIW1mwT7oxsVAuKJt6cmlFU/TLfPLMQU=","Tqkwi9EgFO4YmuvqQU+l9ZoNfEckY46MwZXROfTcudY=","RjlvKCb8rQOAcgjEqTnEchY7yda7YiHKZsnpnvF7dYI=","dCTpCB001Fzrpm3UTZcxpXOrGdne/ZfWrTEVbM1kzXo=","cCTsc2k1JDd/RRwjOttZngZMF6DtVrKEqyAUwJfJNpQ=","a2mdACFKzyREZM07XtZ3+0pwackbGP30Zp1l2lTJXDk=","6W5UJpF1SwUFWhvtS5qZCtnz79sDW+IqQeROkk1gPj8=","pKJERPWLWbXUHj9AwipNfrovP38XwpCldvbDTfVCD2w=","i8CdqscI5Jg8XcSvboYvxtKEhfJJI0Va1gC23dw9RlE=","QcapnGfapQknpX7YWGNA9Ay//sj9TKaHoXmmKeF3s+E=","ysJFfsQ+QJdWC4CHqAhQWee0P3U11nomMGwKkojISW4=","E1JEhck5tFkmKMTlrZWZNE77ZdL9xZMFOzZqXFSnRho=","uXX9YA0wbtx6245mRRUOcyxx4UyaAdQOasF2Tr0Y9zI=","6nTHEg/vYuIdoZT6OPlS8Gm2yt25+3RJXaNMy67EU4I=","G/NOT1UL4ixyHFsNXAuAlRXjo1jZp2dtOpJfduxTopM=","8PskSCJbE8M7vbaGDli6rFQmxMB7hF3D/fXmKiBN+1k=","n6n/sdBT+Fbof+3031ZkEMqMPOiEcq4GgNtDTRs6BT0=","nff0CM6685W2pXu4d0E4csGfgjzzg8HPAGk3ErcfVVI=","oRtEoVq5w850JQ6wXygwNzjgBJAPLJZrJImbl5mSWDI=","WE81FotguDkomKotTbAzuitB+mV3YdSSq8rGITqdCog=","9rFfKEMvcbIVdUCToNHHa75F8f6IW9H78biC3/XOFRM=","EqZOqKNbV1hgpc/x/TXIJqE2Bz+WDoFIP6ufm+Wd5RY=","la3XejwGgmcW/sn6xl8B7GJ/C2OUII/T82hnuQzqpeo="],"block_size":4096,"path":"contentmin.js"},{"block_hashes":["QQux/1/K9+MH5gLR8zqOncEgUyFq/Xu539fy9oJ/8S0=","ro3zJFDHzUKJcWFwH/JWB/VGqQEpUbCP8+dsgizmmws=","CUAjl255QN6vea+drKvLPKE+pO5ebUupZQIIJmMVyRQ="],"block_size":4096,"path":"css/fonts/waplugin.eot"},{"block_hashes":["jSgm0wNS9jKae0l9VXFGsBMzdNHOZUpk+WkwqkRzJLI=","SpGJtcV/e3qZm/BYHx3sD2EzkBCn9n+w7B02GYsrAEE=","wdna8B5uANIhkK4nX1yU82bzkTXb55JQcQicxtPSB/4=","UinV1NHX2KRpQppJ7SIsPbAAVaJ940n4tVLe+wWpWp8=","4PLNJCJttLiJXi2USIXx+O5o0QyoRRSxvHKaZu7Xmh8=","krfewZ3/c6mOt8ggTme/91B86QWYr+C7okO2Cqk7sgQ="],"block_size":4096,"path":"css/fonts/waplugin.svg"},{"block_hashes":["hu0g98ISwMnDLVAQBttpLRyDH/Lgwx7AD9o8g98Ljas=","/Hl13ojIcQWTAk3RTtWvq46ZseqDd/ycCUo6DFTX6b4=","G6FUQZaOGYHl/x33EkVvKtDuWZSU7ghXERnhehYD/u4="],"block_size":4096,"path":"css/fonts/waplugin.ttf"},{"block_hashes":["0yPahpHeLy0egG6/8J2pdUYd7INTq1VpZjgi45rorbY=","nn0ZzpFmBwNc6YkP7dj6Su4SySk14OIojRbVBxhaiTk="],"block_size":4096,"path":"css/fonts/waplugin.woff"},{"block_hashes":["Zs/ZcE9BbWQBdOucENuhk4vnW/9XZtopRI7yQQAO8vY=","aqWvILXF8oTxb54PI5HY3DMCb1Cei+q+f1Y5slLTgA8=","iUcTIL7K8lp03DgdGAIhhsPqC5+d6B2olofB+On8sw8="],"block_size":4096,"path":"css/fonts/wasender.eot"},{"block_hashes":["z/FE+LqUdiQezb4LLwFqxe0LTNxDqRInJqXkwY40dKE=","SpGJtcV/e3qZm/BYHx3sD2EzkBCn9n+w7B02GYsrAEE=","wdna8B5uANIhkK4nX1yU82bzkTXb55JQcQicxtPSB/4=","UinV1NHX2KRpQppJ7SIsPbAAVaJ940n4tVLe+wWpWp8=","4PLNJCJttLiJXi2USIXx+O5o0QyoRRSxvHKaZu7Xmh8=","8/8q//rZm2SETl3wZEBCG+HVFL71RpmZBdapCZgrJms="],"block_size":4096,"path":"css/fonts/wasender.svg"},{"block_hashes":["EOygb+ESJJ1/OVCCdqCcGpn3m8wUUDXaAcduZrqgitc=","6U5IZ34g0s6v4DLLN8nSw7xKGpSSvh7oLWexrNOTmHg=","vkhjyyvAiHUc9sH83gW63CSeLEm5BeLFIztJkG4V2Pk="],"block_size":4096,"path":"css/fonts/wasender.ttf"},{"block_hashes":["H0y+ZmbISWU3IWekcd0aFzkvZaYl776kUIVIZ2nQSOY=","7PenF0oRjhayDDp+zjVHiyDdMzOKSlgV0u80El9bQf0="],"block_size":4096,"path":"css/fonts/wasender.woff"},{"block_hashes":["dQPEMVAbRrotTqb726faMVrAnQgrDI4b15X1BdrLbSI="],"block_size":4096,"path":"css/img/file-previews/audio.jpg"},{"block_hashes":["P0N26j9iinJ4RfcLfAgTZHEs4v1BIXR4Sbm8J5Vys5s="],"block_size":4096,"path":"css/img/file-previews/excel.jpg"},{"block_hashes":["j78d4HjcaWdFy4+M9NS9ppcKjo9gvRkfBZi94eDvgjY=","XaDlGEkI/5dPUrhv/Rl1eTz0ERbAulz/KkvCUQJoxDc=","9X3MmFbHCQYB/ljDcyGj844RBb99cLVToya0mbPjS5c=","xXCZEy9NRTdB6s9QCb6/zpIYOwMFzdusHwF262s2CAI=","Ja/5H5S6V4cRJw8LFx5s85QfShPYbHWhK9fRYsqKCPk=","7nqrFJ0C5QoUBjahu9Rdg+hGNX+3dOVAY59w4XubVis=","2rNKmSFjgus/a+DwmfKuUqqFE6vsO5J4RatCZB7BgSo=","TR8RrK/4dT4gCdWynNaPrq+GwlybJ/JGXqWxOsbnVxc=","OO9xUauhw45jayx4BDvSjgrp5WFeQPYsArPSO8RV0lk=","Wud4GS5ru5JtR6ys9A15SOBe582hTgcayiaQPgJigwg=","cYaBtVSFJRwz8GXpdpMyoKffsWipJYZz8rISbYjS3DY=","cdYtmU8Iba6DfR6j3eKnCOvpwASxUYtLNHw/fVB6UMc=","N6MKpZoJzvRQThPwxED8DfH/8L/lmBKc824KfLaY9ys=","nX68mtO3+jHWR6r0Axxitd9k0sBv1RwXJTEbRuyW2Ys=","6PMVFzSzGHJExQPeIFn9p4JwPLq6KIhpZMJOuP1jJkk=","4mq1gOCF6tg6AtF0LL9ivXuJW9eEWt+xkJ6owR0U208=","TREU1YJB65KryaS0c2LcxNSDjPQG9QP96A5FABl8xYo=","ZsMJROif+jZ7O5bIPa7vR/c0lhR+gThc9o69f8VEDgw="],"block_size":4096,"path":"css/img/file-previews/flags.png"},{"block_hashes":["vdK0Yfd/wXWYvD+oghIoY1sDAHNSEBvigbexxJNqx9Y=","R8rq4deRbYGWmmjyNo+8xGOZMMWktPC0NXoIwfCaK1o=","vdW3s0k3qMvodo2KdHTXzEnkb3DQPFrZxkjlk9KOlKo=","bDWq7owUR6AB9vClnQDllyGK5ZKcVczUp2lvMQ0uJpY=","ylqthMZceOpxKKSi98WFe5ibF9bQ2SkO/dGvi4sfiiI=","qKCytQfOFsj1tzgeDz7QQcs0ZY7dx0RShcpKHcvVbT4=","BmkjOwkdithgDhkHt/k9nyffLyjCWziPrwiObQA5svg=","OEeLOCjt4tw0UmToQUiP2BJYTWBlI4BNgWOI5RjoZbI=","B3+EkIpg28FKJWJK5QDHsJi8MeUPLtEaesEqMppjBnQ=","rgDh7Dg7y7AdPc/8Gp5zlZksfVdRVVbxY3dMqgrC2VA=","aFyd5QtCIUft/aWt6/zPFmGNgjc7jKUaEO1RdfooDh0=","6F/nabTKtz2txCPUE8Q/jkRL4qGOpF4I81YeZf84Kwg=","kCI/Ewqp4CCX4WaXtuR6t1SfcHFrMLeF6WKXJ23Tm9c=","PlzdK4jk8Jkmyqrv6C6mXPGyUfSko4sYliU7ssnV4a0=","BKtgdpxi9oHagOf2vO0BTJN8xhbvXbDcbMgq66HQlL0=","V6NK0BrKu93Dos3DbzffSic8OZm9N8Ih4Om8ZXbPeRk=","gTlFKifLmQJgNkZkdIA97eEUqeLo0EFKw+iTgpm4C0s=","IopqT5GOkzUgkc+lmksgdLGQ9B5AZaYQSl87AlIPMuE=","gIVfq4GxER1+lZOw5rByB67qJR6/cKiwWA7ZqmHejro=","28s2hJXl5Vow0+v4t/0Aci+UGXMaTfXd5OYIx6pITuc=","pwe2U8GhzEwJgJRsuNK3FKJYBjEJqBOmLcNBaDWnruc=","qVA4jLQLCbkVtGkrwmiT5jjAq8vZ8+60O/FoVdefjaw=","4VD3PUcPfseYY9qNzyXQn8zASM2ZyQK9aEpUzvL3/rc=","nzKthN0GapHkMUiu2DDXFuIDeiFybXgL2+vKNG00SHg=","IXKnmd/3K0fKHytmbgfQ/eZLfJS9VOpu7oiDMmJrvj0=","iTJQVxdozIp0YpdNSlJUD93RJYrjyIqGDW0fIXC4wrE=","Vp4WvR7xbd4ZK/rskvbjJ7UCEoz9L22Nn6B91YKZMTI=","8G+d0DDN2vDOGUJxCh+/9NG7CupntqpDo12hqPxFfEk=","foInwgPQBLeNKqsQ1yhrCaVoV4ol1AIxlbjcjWtM40M=","lRSw1pWrlanSOyNzJKEsfLIB6vgrf6Cg9dL/WAXwA/c=","lb7hSUGJ6Y7UNiHTSeyETXB2iJ5IoSxQ/M+AaOL+g2Q=","jglRpBaQnYPPaxl+scMBAMWtwPH2KYcqtVjCllJvGoY=","Vxg9cO6P+XNBjVb9VPHHONVwDesVnAipRpDtNoicbE4=","Jb9HmBuLx0oi405eOd5upvH8+b0gkuIZpkiBDAHAu/o=","MRTn3O0tB5Vs5Cj7Mx13hYX7qFh/phzQcOkGUJ2kMUE=","Vfep57b5HZ9ZW8BpEO/5uM/EgwlqQjIwHBWYXosMv6s=","rBnbYtBjkDDeeLshn8tGZMrHmJMo1XwbLRLH5niQFW8=","3PidPxNHj32JLhwDWbX2xsN5Q259XHoUhbgdXsXiHfA=","zSpzhOD5QN5NKx5srLk0+uUt9Oz8HTyEYdu2mXFS5d4=","1QTw4CBQy4uEZ7IycpHDFjyLaXyyM6kpeAy+EW/hXUU=","ps6ENRv6K5xRTIq+YcoYt53ug0gkaf1zBx5ddNExo6M=","lXlY1M0Z22SePMB6v4GyiDWkHyeF6K0gYfr6/75rrxY=","aXszyiZLKh17clM2ZOpymDAdrMgwuVqjbHuiUNiA7/0="],"block_size":4096,"path":"css/img/file-previews/flags@2x.png"},{"block_hashes":["rOlwWvLngNet1mU439V7GNNeh7DGYeskE2HgH0kF1DA="],"block_size":4096,"path":"css/img/file-previews/other.jpg"},{"block_hashes":["eIYeMRbpOSIJoFUyX2HRBg4quPgVLMzopEEmEX90H7c="],"block_size":4096,"path":"css/img/file-previews/pdf.jpg"},{"block_hashes":["wl1pUzHGEfViCsLwolCTa+K1D8NXh9rfOzIgb6GsWYU="],"block_size":4096,"path":"css/img/file-previews/play-active.svg"},{"block_hashes":["GT6hDEAzz0IggKonUxdvGVJtDCjYzPxjHgSTaRSVDOQ="],"block_size":4096,"path":"css/img/file-previews/play.svg"},{"block_hashes":["fDU9VHGTGf1JWjw3LuJtAvRDmomqT6+uCJvjcGBcbao="],"block_size":4096,"path":"css/img/file-previews/premium.svg"},{"block_hashes":["8K0THalBYwNFqxuw/agbkZ8XKbepQo03RGqAVDK/QPo="],"block_size":4096,"path":"css/img/file-previews/txt.jpg"},{"block_hashes":["/lBLYLan6y/Ruda2csKD3BPGPfK7ErKXYxjWpfU/qaU="],"block_size":4096,"path":"css/img/file-previews/video.jpg"},{"block_hashes":["j78d4HjcaWdFy4+M9NS9ppcKjo9gvRkfBZi94eDvgjY=","XaDlGEkI/5dPUrhv/Rl1eTz0ERbAulz/KkvCUQJoxDc=","9X3MmFbHCQYB/ljDcyGj844RBb99cLVToya0mbPjS5c=","xXCZEy9NRTdB6s9QCb6/zpIYOwMFzdusHwF262s2CAI=","Ja/5H5S6V4cRJw8LFx5s85QfShPYbHWhK9fRYsqKCPk=","7nqrFJ0C5QoUBjahu9Rdg+hGNX+3dOVAY59w4XubVis=","2rNKmSFjgus/a+DwmfKuUqqFE6vsO5J4RatCZB7BgSo=","TR8RrK/4dT4gCdWynNaPrq+GwlybJ/JGXqWxOsbnVxc=","OO9xUauhw45jayx4BDvSjgrp5WFeQPYsArPSO8RV0lk=","Wud4GS5ru5JtR6ys9A15SOBe582hTgcayiaQPgJigwg=","cYaBtVSFJRwz8GXpdpMyoKffsWipJYZz8rISbYjS3DY=","cdYtmU8Iba6DfR6j3eKnCOvpwASxUYtLNHw/fVB6UMc=","N6MKpZoJzvRQThPwxED8DfH/8L/lmBKc824KfLaY9ys=","nX68mtO3+jHWR6r0Axxitd9k0sBv1RwXJTEbRuyW2Ys=","6PMVFzSzGHJExQPeIFn9p4JwPLq6KIhpZMJOuP1jJkk=","4mq1gOCF6tg6AtF0LL9ivXuJW9eEWt+xkJ6owR0U208=","TREU1YJB65KryaS0c2LcxNSDjPQG9QP96A5FABl8xYo=","ZsMJROif+jZ7O5bIPa7vR/c0lhR+gThc9o69f8VEDgw="],"block_size":4096,"path":"css/img/flags.png"},{"block_hashes":["vdK0Yfd/wXWYvD+oghIoY1sDAHNSEBvigbexxJNqx9Y=","R8rq4deRbYGWmmjyNo+8xGOZMMWktPC0NXoIwfCaK1o=","vdW3s0k3qMvodo2KdHTXzEnkb3DQPFrZxkjlk9KOlKo=","bDWq7owUR6AB9vClnQDllyGK5ZKcVczUp2lvMQ0uJpY=","ylqthMZceOpxKKSi98WFe5ibF9bQ2SkO/dGvi4sfiiI=","qKCytQfOFsj1tzgeDz7QQcs0ZY7dx0RShcpKHcvVbT4=","BmkjOwkdithgDhkHt/k9nyffLyjCWziPrwiObQA5svg=","OEeLOCjt4tw0UmToQUiP2BJYTWBlI4BNgWOI5RjoZbI=","B3+EkIpg28FKJWJK5QDHsJi8MeUPLtEaesEqMppjBnQ=","rgDh7Dg7y7AdPc/8Gp5zlZksfVdRVVbxY3dMqgrC2VA=","aFyd5QtCIUft/aWt6/zPFmGNgjc7jKUaEO1RdfooDh0=","6F/nabTKtz2txCPUE8Q/jkRL4qGOpF4I81YeZf84Kwg=","kCI/Ewqp4CCX4WaXtuR6t1SfcHFrMLeF6WKXJ23Tm9c=","PlzdK4jk8Jkmyqrv6C6mXPGyUfSko4sYliU7ssnV4a0=","BKtgdpxi9oHagOf2vO0BTJN8xhbvXbDcbMgq66HQlL0=","V6NK0BrKu93Dos3DbzffSic8OZm9N8Ih4Om8ZXbPeRk=","gTlFKifLmQJgNkZkdIA97eEUqeLo0EFKw+iTgpm4C0s=","IopqT5GOkzUgkc+lmksgdLGQ9B5AZaYQSl87AlIPMuE=","gIVfq4GxER1+lZOw5rByB67qJR6/cKiwWA7ZqmHejro=","28s2hJXl5Vow0+v4t/0Aci+UGXMaTfXd5OYIx6pITuc=","pwe2U8GhzEwJgJRsuNK3FKJYBjEJqBOmLcNBaDWnruc=","qVA4jLQLCbkVtGkrwmiT5jjAq8vZ8+60O/FoVdefjaw=","4VD3PUcPfseYY9qNzyXQn8zASM2ZyQK9aEpUzvL3/rc=","nzKthN0GapHkMUiu2DDXFuIDeiFybXgL2+vKNG00SHg=","IXKnmd/3K0fKHytmbgfQ/eZLfJS9VOpu7oiDMmJrvj0=","iTJQVxdozIp0YpdNSlJUD93RJYrjyIqGDW0fIXC4wrE=","Vp4WvR7xbd4ZK/rskvbjJ7UCEoz9L22Nn6B91YKZMTI=","8G+d0DDN2vDOGUJxCh+/9NG7CupntqpDo12hqPxFfEk=","foInwgPQBLeNKqsQ1yhrCaVoV4ol1AIxlbjcjWtM40M=","lRSw1pWrlanSOyNzJKEsfLIB6vgrf6Cg9dL/WAXwA/c=","lb7hSUGJ6Y7UNiHTSeyETXB2iJ5IoSxQ/M+AaOL+g2Q=","jglRpBaQnYPPaxl+scMBAMWtwPH2KYcqtVjCllJvGoY=","Vxg9cO6P+XNBjVb9VPHHONVwDesVnAipRpDtNoicbE4=","Jb9HmBuLx0oi405eOd5upvH8+b0gkuIZpkiBDAHAu/o=","MRTn3O0tB5Vs5Cj7Mx13hYX7qFh/phzQcOkGUJ2kMUE=","Vfep57b5HZ9ZW8BpEO/5uM/EgwlqQjIwHBWYXosMv6s=","rBnbYtBjkDDeeLshn8tGZMrHmJMo1XwbLRLH5niQFW8=","3PidPxNHj32JLhwDWbX2xsN5Q259XHoUhbgdXsXiHfA=","zSpzhOD5QN5NKx5srLk0+uUt9Oz8HTyEYdu2mXFS5d4=","1QTw4CBQy4uEZ7IycpHDFjyLaXyyM6kpeAy+EW/hXUU=","ps6ENRv6K5xRTIq+YcoYt53ug0gkaf1zBx5ddNExo6M=","lXlY1M0Z22SePMB6v4GyiDWkHyeF6K0gYfr6/75rrxY=","aXszyiZLKh17clM2ZOpymDAdrMgwuVqjbHuiUNiA7/0="],"block_size":4096,"path":"css/img/flags@2x.png"},{"block_hashes":["fDU9VHGTGf1JWjw3LuJtAvRDmomqT6+uCJvjcGBcbao="],"block_size":4096,"path":"css/img/premium.svg"},{"block_hashes":["tk/adb7Fx34Tk/KRGL5WzHKZnvNEvUxaWAo0nfDShkQ="],"block_size":4096,"path":"css/lib.css"},{"block_hashes":["6OTWCmzsMqZJzbq3oZG45lLCQu3FYeIzJa2CalF4irk="],"block_size":4096,"path":"css/styles.css"},{"block_hashes":["qSIh03hTQSuiqncJ25/yK0ZaFoN6+V4bKtErsh4cqIA=","FVkTO12CZhXQgxZ0rwvyhxQ/HqI5vwPiISE1ajMUgX0=","fgpOHd7ar2EH9UL+ONX50ygECN9S8CqfktgdxQO7uDI=","xDNptkES1vXHt69AOVGyOp+i35FuAJ1PAzN7on5DURw=","ZqJC0HmQOe4Dyil1WxTp2GCxJA+vJUfzLzFymO8VXGE=","Vhg0qKFH+PpaK/j45QrH37CiHn8vlVUscfTbbW81Mp8=","9W/8v50wUJFohFwhhn0vBYqXoJs4T40cn7mEdX07xe4=","f8Oi7cOhDxhy5kNI74TlcyVmxRc8DJCcMfor0Hm4fCM=","nrvS9mPgVML0JoO6F926U6MKbV7Sq3jbEALxamcmM9c=","+lFq4t4CP1zc1Jr/3m4z99AyYzr58x1bctE/rzGk+6Q=","attAO+fXuWzWLK9ntGghHRHpE8/WLoKWfEWt55Afagc=","Kd2KWOQSWBIMr2OVfTknZO1eODEFWp8yK75C/wRF5l4="],"block_size":4096,"path":"css/stylesheet.css"},{"block_hashes":["tJ+d13z8K4l1NCpRx1SNZ792YcCdO9WpU+xcqQmVuQE=","uNgQEbIzTGCGpchZ8XASJqYalEzkTXJuDf+/EJEas/M=","t1bgKPi+hOF9PURF9Hp3Q2sD1JwhOxDNMLGfgmOSKgI=","QHvf2+d5tZKUa+LN33x+VC7jYYlGVRh1rFe1pJbPt3Q=","GBAbqytsaZ8G6/wTqoxeY5vUWDqOIe+yNyPNqLsMAOQ=","nMHwXIqOApvNflfzAOMMKO0GGQV/LOKS6jRPvNRkkXA=","gcF5xQhRRTj9f+QZzwNwhLeeUuOTvRj8hxTDmmQ2HxE=","MxIbToqq5CRTlT8NYqpfzgAO64hWAMOccYapK93j5Yk=","vmZVdZlYPTrdlnvUqO+I0vhSr8Zjiz3ZPqmrQJhD6zc=","QxQF1mDSzLxSAmCGuqVNg07CDP3BUpmNP8A2G/jworI=","iOSHj7n4cuMvI0ZT08ICn6yI/hNfNrQbJftmyNzzSEc=","9z6wMloDDrH/l0MyNk4ZWR6Ipe9CpAKgUd6mIMfIOiM=","gGXd/rLqcYsYlMvg56dQu5A6Vcf2QCm5spdq165CJfQ=","uJBGynn2ChZakAJB5mSpS9gcAxCRwOToB0+vcxaxFWw=","uWcbpnG+l6uSUt2b93TAdOGEsaEGYUT/nKhFTJqa4OU=","+rmAXuCaF1VVFEM2B7RC18Olp8QgTCfKMDY0OuHMEx4=","TPRy/+My8kmNmiIuJWuOQIVnmr3HK4JnF/2a/1KbwtQ=","pud7PpisobddydVEG23wD0aNQfRZeS2s51yqfn5wxdQ=","p5HCYEOj6lFC+Q87oJ9Fh/ImKGsPqXeicN/9INK78+4=","V4GJE+fyu3gz5GxHdkZlkkhuKMBy+Q4KIG1BpMiACvE=","ktsczqwbQ5hriJICAGUmNQqlrcwmHx/XfzdO7/TeBA0=","BIsRJiLDiBZLTQOb2nB3XcjLyigGmNVZSEgEgtDFAyU=","QYGRkLLMgJQq+WbpKZffy9sFFPwchfSuZRs9s6jAXHA=","DTK8cPIZNGHBibtybkMNxdTcW09IUGxV92h7INhbnTU=","i13maswCTfdq0ll13Z86kBa8iw8ShrNBqYu07PpEdXU=","23nagV/JzslO06oHtIMDs87fZjE1Zx+7f/uHG4l85u8=","ncMoUEvp4n8kkKRYYdwdNbBPRJpYa0BKhK2dPi6HRDE=","GrRYzshBm0iOzEPW23TjehSfNbltAGzl1YrthhzkSaQ=","5PEKeLFIFF8KkX5AM3YLdaeqecOVFPXvJwdUX2kp320=","P5bO7WvYRbfWuby5+EuKwrioVlrR4e5XN8qmKCFCG04=","dyX0um0zoNWJxwbJ2SQso7ifhR6fkjDH5OyiBPVgnQc=","2sKEzlBNLiVvZv7nHJokJAlJSkNbi6T1OqEk3Fllj4A=","TP1arl/WI2YAqCktpcmhM/0hLqeQ5eWhvimJ47p/SuY=","8GDTX93q7tkfK1jz/JIMzoc9epOhXX5vgRPLZDei3nY=","zBPnR6x5/0PR9xvsyu+Hd64s+7tG47h+RJfVQoE4180=","inqY4KQyu3oyiPNIOrceAou+HgEWql+FPqFGKpRZEMc=","dsjJyAiL7hXgP4Zu872xDr/etHflabqIhb1MkbH9Uac=","fXezU0YnixVUPj6WJrmiuMNNlm378BQPtL8ppgIg48w=","ynzhJfM9NQzEKdT/SBsR2NujtEcItiFN+9SfCE7RV50=","mBbCd0gAq704idGlxR9gj6aR9lOFk1LDwYnWjwB1KZg=","wckHfAm51Sl/e3879aG881U6U0WKX5PGkjvUbMRWoQ8=","6nUQ/IsANEJmCiAwhNPikclach8yVbz8D+80g4/XwUQ=","YNUVxiaDKRP1paXrQxrBFMdf+wcs8XooMyhmshS2UKA=","em8OJq9pg3w4JZqHYGDIdj+pPiC8VD5fJKIK4ND+o7M=","VyTBRhhMrQ3ex6ueBqjr4YJcdsLE67mq4GPOjwjTH7k=","8bq7mcMbQ0MZndS2XJRMVHu05Gykgn/Sdl7/LFnvqnc=","PzlI9E94fw1T8UbSFKe1pWCHNSN8JJ5OKMKb1ELxKds=","uZ1SfnMe5jFc6z6Lkd+Ip+4e464MR2N/dAXXjXbYBDI=","atF9CvSxg5j8mNRBwaBFo43f4SQcf4NqhTgthfKfHWo=","ibcxiqDG2yAvkfGdS8/ePV1hoeNpKs9sBMIbiYsFtWQ=","t8Vu9TCy64rI6eFmorxChmSm0swxmtytXMIn5yMEE/k=","SYF/ogxmYX0a/n4z2Je1UJgweWwHd2NfCJGQHtMsR5I=","XK1cFuXAw7WOn4if/xpQzyJNYcStiSkT7sJ/dkdfR+I="],"block_size":4096,"path":"css/stylesheet.min.css"},{"block_hashes":["csLB87LUKt+f/lnXyQB9SS6Jl3O1QoPsfZQQURoda4E="],"block_size":4096,"path":"csv-icon.svg"},{"block_hashes":["FCKzsNWux6sWQVZa26dGJnT7jVk6G6l7YLFM+UGcI5o="],"block_size":4096,"path":"document.svg"},{"block_hashes":["pKld9vH1Q5fgnNdty6u0UNBhK0HAcP4cZbTEMaFjD2U=","YkTfZnVrT/+5btmENits+NSDu/IeI9HBdproUdpLV1w=","0KdCPCRcX7j2n79DwZwSq5B2Y7UO6+rhLNaqPbLsqHk=","28PjOAYcJf9QSqyDO46llZPlLYQyK8B35nZdrDFloyA=","/qcpCUpSdEdb4xQuCF1/A46e8gg9HQpOLo65p8I0xXA=","S0htCrNxnUFSWxImDg+2m1dgXsqraD/v6oL4u6T7gSg=","R9Xu2aNikJJyA+hEItIwWbUr2cLPBNxTab/fQ5Rh7Sg=","VLn0DJqv+vBGJXF3BLIimvGVo/bqihpdfL2APehsuHU=","1p5Cjwnll3tFpNPcKiHnt4+JvrtwCN+5fqfybVVMxmg=","TGrtMjToEUdYhGVHFRVJM5biJWgtFiXvCJEtTtj0JtE=","dTlsvVXBRq3hs/fxthitBiLvtxYdqJRX535E4Wg8X7Y=","nRmhHjPDuNbpNAPVm53AQgnj6wpsO6zGrZKksLr3hCc=","GFjmBxFU0vZ2DV/KjxkegaclLFaiEhI/1e+0Sn6+TzQ=","Sako3mkg4LoIGR0uDGJM33I5NOsdXuquaM4Ib/mDkUQ=","Lyj14514926D71lnjnz2dQjIJExnyO4nkmrKw01mGNI=","CmOtbNKQL9aAvrnQcZrmIWINsE4ntj49GRXHB7yS7m8=","u9KGfxQ0Ngm29IpIa71xooAQseQLltmgS65vGsliJ/c=","4+IJl5pBmSTKJwguVBodlix5Ag/gcJSTDDXdr5Afsnc=","FtXbHvdBKciqHAYyNNw76AASR34RX0KQX4wgUjY6ylc=","/FeL4boDHExJnMoSM96Jmjz69Pjns+CdXp54rJlFp3c=","B0D6V7oSp5w+uyr3brTlhhZsIiooqyhZmcEy54S+/kw=","7ZQVEQPYSLHK3d+ppNJo7JwQIP9W8ofGvAEJwCoxwic=","Kg6+6Ot6ucr5tJHlHpboXOjlB8fTSNr6DjDxLla2jYQ=","4Zd+JyNzntljOus1ru8XqBcMRk0mWx+L8QqPoyk6pcY=","NLOnXERnC+6wXHNj4g3frDyN8ymtGxt98CGln/0gT4U=","CoDdakcWnmsqAf6NL7R34FlNuY3j8AzFA19j0hgIZjU=","qf72SaHGt/SGMocJomOfVKyHkpM11VYmLO4Zj85LUwI=","+cgFwZhkI5cfw0RQ5iVXps2QgLm/qXAcnga/zd3srUo=","n3gv4T1DutqAmCF/kAcPMN+gz2LTN5Iz2YixHUE2A/Q=","PickhGfY3ylIa2IEPSEppgzPzPifkEXhIEa+Z6wjAiA=","Md4m8CB3iBb+CMSyNbYT4YXozo7w5sHoJMqIAeYDFTU=","7iTM9hKIwdDPQfdQlgS9Vs/IyMrshkPAM/qZM0GShJg=","09vWdPiMKjfh7WvYZ1SdmkVEtLOkYZRYL/cWYpFv/uY=","nE4LzT4uS5XDgmhDmeQQK+e2rsb9NRNNB+UC/5obV+w=","jIkly53jb/od4He8MjI1tYtwDlMQ+zorZHUmfiMqNyI=","y4k6JED5bmNjECTPCF+B2KaaAY2agU95Tx5KGDVopwg=","qDLAdTHa19YZaayXnJeTHNo3dpRDt7bhcJBkhkb3fWg=","y9ahq1OQpP78epn6f6XU9g0Z5sGOHrb01hC9R+/aoKE=","/vmzvVqkoaUdJwCZG1d0mQBgQrjK43QsXmP0KO69bLs=","0XvLHrQKZHVU0Iv5BEPS1M5L/iICG7FgSZ3gWXSuSh8=","2h63fcldA65SJepfmqio4BukTWhNqrKGBQ+rGue3/Ik=","V8dmvsflSv/s6Iies4vDU4rzbyDgYMevgRJ00hQxGmA=","WEERJo4heuN6D5aGbRmEtpFmn2leaKyakkuPMnKIxjs=","XGyiKxOEECX6DoDhOmZ2/FVvyORM35J8t32+TT/pVng=","z+4vIc5eKXDmjreuBEuRBZFX7TnkB7fUMYNDZjPGPwU=","2Y+JYMIGhU6wq33ENkSoYCOTMKGOr2+y0s/mrFZRRok=","kBd0AmLlZyFgY+63/cY0uRPh5eSZXzayMFMISEn6XU0=","C+v59AaJBNdB02kGUFbTEs5KpF6P4/+9VasKH080AEA="],"block_size":4096,"path":"flmin.js"},{"block_hashes":["ASjW2sxPWm03HEj2LuL4Lq4Ofzv4NjiyoVG8PCy4IiY="],"block_size":4096,"path":"image.svg"},{"block_hashes":["YoFKKtBCAxq0KMiPdAO9DTtS4frpt8j9EBrQF2oA44I=","mZV91LabSlTm9lzn6bIp9E+U9JoxfidmZ/sRkmhl8mk=","QZJrRWc48JNxNm+zTYBJbGwy88bKaHkJrsIyCmZewO4=","eNer9682I1a0M+JlRZNE75Af1vjzlbo2Npr2enOvcMk=","Gp7+iTfXE56QP6jpPsCv3aoGNAydAaTs42ApWGb5fuc=","8Oo0uTxY8uv4QM6b4AbM5JI1ZSfXZ8XMYMKDrkpvAB8=","v39RZXfEBxb4+w73dBuEgZ6LlE3/zUEVaB9WugBlSjU=","MbCgDoHhebynIXtE8rYvKNQtbiW0Qg05p6YAYMGeVjY="],"block_size":4096,"path":"img/ad1.png"},{"block_hashes":["7HCNo9P5gYyQi9ag+OjcjmtybIyIaWwInLxWpa+HMFk=","E+XztABTeFgTjVnAKDZvXWvQPFJJtiE3B2+lNjs035Q=","Yy/bM0brsIurFO8L2HbopidiqVhUFR9KfCJy9gGaXKI=","hh/gtPNMnphx41aKclHDQEWHiZ3Kq8bEX6+YDi01KkQ=","qC4uU5Mc9eYcAJf/+9MzEaXpJFhN3kB3fn26kYcugE8=","LtDnfZXTowSiYijLdlrIf1lytGgTa/t9Uc1VXetRUTk=","qGStCt3484SXkZbRf01EW7BtW5CurZOtnZp7OIXdXn8=","gWT+pVWCaN8Wc9mPPne5V6azNlCyJupQ35njYl1pgh0=","KGv5SpJKdy8FzNWMc5GA7WXJ3J0/H5W+LD3YeKLwjuM="],"block_size":4096,"path":"img/ad2.png"},{"block_hashes":["pCoa4zPkSIfHu2P3F0kbA6/X2r+36v8i8e5MZaQdssw=","pkT9PeQTuyyeniE56tK34uEzd43J0xsqBl0x92SxXeo=","UL121oOu1RcncClyQkLmKIVGZcwHpQ+/uDUfr3wd8EA=","wOUJ2VsAhrkwY6xnTPZMqWjuHDxnZ0mE63TahXO8V/0=","GqI1kXeVkwOBkob4cov9weBSDvIpLkquWLiQOXM9YP8=","fumeW6Q8Jyb1KdiKIX/k7twWMCViVP+raGow6hf+Dac=","N7IndRgrJT2yyvvoOF46JLHb4kRJVI9hSChuzU0gxkU=","H3XwV0DCZZB1xMq1/eQlplJLUXbAD0FW9qeVMOAYuKc=","n+sVgrHNlAQyKEhb2Y0QG1s+tO8nV3Fmi5ATN+iHYho="],"block_size":4096,"path":"img/ad3.png"},{"block_hashes":["r0ojYCoz4ZIt9O8FG8x6hK0hX+JAAAlEFtt3B2h5xEo=","PX2m9aSUnTBBpAJR6lhABkSPmRcQ3Z4zjnWG47H5rtM=","8rk1Wh2QfCkqnzWZaR34R3hjJdTt6JrnkPSSDxnCHjk=","7k7INSjCCq9PIhUsWIiZsRJphuYe4ua0QumatDe31mc=","Iff+Q7MS7RdEAYRw5XHxoNBREvFRL4AzNRNSuQuFt5Q=","P4i1QWBf47LnVNB2U6fadFCVAAefxZxqnKuLsLw/K+Y=","uiLT+zKawBCUS2zO2lGg9gJH52tl0YyHxEVcJAw86+A=","tAU7qiw6wgTEDq5RrjaWVkI0d0UYeRpjw5Kr3pf2dXY=","jQy63zwKjah22C9JMEMuCSSHWg6z7d6SATw/yqqdeKg=","l/33o+6pHqwj137y0dQ/t5gVtcGcJpaLn12LkPBv9Tk="],"block_size":4096,"path":"img/ad4.png"},{"block_hashes":["dQPEMVAbRrotTqb726faMVrAnQgrDI4b15X1BdrLbSI="],"block_size":4096,"path":"img/file-previews/audio.jpg"},{"block_hashes":["P0N26j9iinJ4RfcLfAgTZHEs4v1BIXR4Sbm8J5Vys5s="],"block_size":4096,"path":"img/file-previews/excel.jpg"},{"block_hashes":["rOlwWvLngNet1mU439V7GNNeh7DGYeskE2HgH0kF1DA="],"block_size":4096,"path":"img/file-previews/other.jpg"},{"block_hashes":["eIYeMRbpOSIJoFUyX2HRBg4quPgVLMzopEEmEX90H7c="],"block_size":4096,"path":"img/file-previews/pdf.jpg"},{"block_hashes":["8K0THalBYwNFqxuw/agbkZ8XKbepQo03RGqAVDK/QPo="],"block_size":4096,"path":"img/file-previews/txt.jpg"},{"block_hashes":["/lBLYLan6y/Ruda2csKD3BPGPfK7ErKXYxjWpfU/qaU="],"block_size":4096,"path":"img/file-previews/video.jpg"},{"block_hashes":["j78d4HjcaWdFy4+M9NS9ppcKjo9gvRkfBZi94eDvgjY=","XaDlGEkI/5dPUrhv/Rl1eTz0ERbAulz/KkvCUQJoxDc=","9X3MmFbHCQYB/ljDcyGj844RBb99cLVToya0mbPjS5c=","xXCZEy9NRTdB6s9QCb6/zpIYOwMFzdusHwF262s2CAI=","Ja/5H5S6V4cRJw8LFx5s85QfShPYbHWhK9fRYsqKCPk=","7nqrFJ0C5QoUBjahu9Rdg+hGNX+3dOVAY59w4XubVis=","2rNKmSFjgus/a+DwmfKuUqqFE6vsO5J4RatCZB7BgSo=","TR8RrK/4dT4gCdWynNaPrq+GwlybJ/JGXqWxOsbnVxc=","OO9xUauhw45jayx4BDvSjgrp5WFeQPYsArPSO8RV0lk=","Wud4GS5ru5JtR6ys9A15SOBe582hTgcayiaQPgJigwg=","cYaBtVSFJRwz8GXpdpMyoKffsWipJYZz8rISbYjS3DY=","cdYtmU8Iba6DfR6j3eKnCOvpwASxUYtLNHw/fVB6UMc=","N6MKpZoJzvRQThPwxED8DfH/8L/lmBKc824KfLaY9ys=","nX68mtO3+jHWR6r0Axxitd9k0sBv1RwXJTEbRuyW2Ys=","6PMVFzSzGHJExQPeIFn9p4JwPLq6KIhpZMJOuP1jJkk=","4mq1gOCF6tg6AtF0LL9ivXuJW9eEWt+xkJ6owR0U208=","TREU1YJB65KryaS0c2LcxNSDjPQG9QP96A5FABl8xYo=","ZsMJROif+jZ7O5bIPa7vR/c0lhR+gThc9o69f8VEDgw="],"block_size":4096,"path":"img/flags.png"},{"block_hashes":["vdK0Yfd/wXWYvD+oghIoY1sDAHNSEBvigbexxJNqx9Y=","R8rq4deRbYGWmmjyNo+8xGOZMMWktPC0NXoIwfCaK1o=","vdW3s0k3qMvodo2KdHTXzEnkb3DQPFrZxkjlk9KOlKo=","bDWq7owUR6AB9vClnQDllyGK5ZKcVczUp2lvMQ0uJpY=","ylqthMZceOpxKKSi98WFe5ibF9bQ2SkO/dGvi4sfiiI=","qKCytQfOFsj1tzgeDz7QQcs0ZY7dx0RShcpKHcvVbT4=","BmkjOwkdithgDhkHt/k9nyffLyjCWziPrwiObQA5svg=","OEeLOCjt4tw0UmToQUiP2BJYTWBlI4BNgWOI5RjoZbI=","B3+EkIpg28FKJWJK5QDHsJi8MeUPLtEaesEqMppjBnQ=","rgDh7Dg7y7AdPc/8Gp5zlZksfVdRVVbxY3dMqgrC2VA=","aFyd5QtCIUft/aWt6/zPFmGNgjc7jKUaEO1RdfooDh0=","6F/nabTKtz2txCPUE8Q/jkRL4qGOpF4I81YeZf84Kwg=","kCI/Ewqp4CCX4WaXtuR6t1SfcHFrMLeF6WKXJ23Tm9c=","PlzdK4jk8Jkmyqrv6C6mXPGyUfSko4sYliU7ssnV4a0=","BKtgdpxi9oHagOf2vO0BTJN8xhbvXbDcbMgq66HQlL0=","V6NK0BrKu93Dos3DbzffSic8OZm9N8Ih4Om8ZXbPeRk=","gTlFKifLmQJgNkZkdIA97eEUqeLo0EFKw+iTgpm4C0s=","IopqT5GOkzUgkc+lmksgdLGQ9B5AZaYQSl87AlIPMuE=","gIVfq4GxER1+lZOw5rByB67qJR6/cKiwWA7ZqmHejro=","28s2hJXl5Vow0+v4t/0Aci+UGXMaTfXd5OYIx6pITuc=","pwe2U8GhzEwJgJRsuNK3FKJYBjEJqBOmLcNBaDWnruc=","qVA4jLQLCbkVtGkrwmiT5jjAq8vZ8+60O/FoVdefjaw=","4VD3PUcPfseYY9qNzyXQn8zASM2ZyQK9aEpUzvL3/rc=","nzKthN0GapHkMUiu2DDXFuIDeiFybXgL2+vKNG00SHg=","IXKnmd/3K0fKHytmbgfQ/eZLfJS9VOpu7oiDMmJrvj0=","iTJQVxdozIp0YpdNSlJUD93RJYrjyIqGDW0fIXC4wrE=","Vp4WvR7xbd4ZK/rskvbjJ7UCEoz9L22Nn6B91YKZMTI=","8G+d0DDN2vDOGUJxCh+/9NG7CupntqpDo12hqPxFfEk=","foInwgPQBLeNKqsQ1yhrCaVoV4ol1AIxlbjcjWtM40M=","lRSw1pWrlanSOyNzJKEsfLIB6vgrf6Cg9dL/WAXwA/c=","lb7hSUGJ6Y7UNiHTSeyETXB2iJ5IoSxQ/M+AaOL+g2Q=","jglRpBaQnYPPaxl+scMBAMWtwPH2KYcqtVjCllJvGoY=","Vxg9cO6P+XNBjVb9VPHHONVwDesVnAipRpDtNoicbE4=","Jb9HmBuLx0oi405eOd5upvH8+b0gkuIZpkiBDAHAu/o=","MRTn3O0tB5Vs5Cj7Mx13hYX7qFh/phzQcOkGUJ2kMUE=","Vfep57b5HZ9ZW8BpEO/5uM/EgwlqQjIwHBWYXosMv6s=","rBnbYtBjkDDeeLshn8tGZMrHmJMo1XwbLRLH5niQFW8=","3PidPxNHj32JLhwDWbX2xsN5Q259XHoUhbgdXsXiHfA=","zSpzhOD5QN5NKx5srLk0+uUt9Oz8HTyEYdu2mXFS5d4=","1QTw4CBQy4uEZ7IycpHDFjyLaXyyM6kpeAy+EW/hXUU=","ps6ENRv6K5xRTIq+YcoYt53ug0gkaf1zBx5ddNExo6M=","lXlY1M0Z22SePMB6v4GyiDWkHyeF6K0gYfr6/75rrxY=","aXszyiZLKh17clM2ZOpymDAdrMgwuVqjbHuiUNiA7/0="],"block_size":4096,"path":"img/flags@2x.png"},{"block_hashes":["00hKgy6G0SCYWAgmQsR2jvPNnNqu49y89NVLD1FUGJ0="],"block_size":4096,"path":"img/icon128.png"},{"block_hashes":["745owgibiMet6hO6jAq0fIYMhkIN3NYEmhpxF8JSmzs="],"block_size":4096,"path":"img/icon16.png"},{"block_hashes":["uzagfVjjAC4EC54g3ylx0jq5oVRdgMUhuE3P1dp1784="],"block_size":4096,"path":"img/icon48.png"},{"block_hashes":["wl1pUzHGEfViCsLwolCTa+K1D8NXh9rfOzIgb6GsWYU="],"block_size":4096,"path":"img/play-active.svg"},{"block_hashes":["GT6hDEAzz0IggKonUxdvGVJtDCjYzPxjHgSTaRSVDOQ="],"block_size":4096,"path":"img/play.svg"},{"block_hashes":["fDU9VHGTGf1JWjw3LuJtAvRDmomqT6+uCJvjcGBcbao="],"block_size":4096,"path":"img/premium.svg"},{"block_hashes":["tk/adb7Fx34Tk/KRGL5WzHKZnvNEvUxaWAo0nfDShkQ="],"block_size":4096,"path":"lib.css"},{"block_hashes":["C9F+zvS0n4B960ygtxHI/LFMhJl7gYaohM1246vcf0k=","DLPqydht7g1zAjjVmY2TSVV95mISFQxxst7gqzU1KOg=","WNj6139UKVObQ/Cdl2pJNDzMZb5zQxgZAF0XOZ6RvnA=","4GLP0yxNLcSdzN1+aslyB8wqvDW2IRJHuCDVaowkVGA=","YDFEyHG7trzSvhGcVEKe10RhXefVa9X3IwAawBmQHH4=","EcqImB78X+lvWumiC7djYGAKIb3ERI+8f/2YdWFNTlQ=","9DQtu/elvGPNJAPxTxe1FSIW5OiUpfg7T/TxckuNze8=","zhP9cUFaiJuxYoTNqAgnqkIq+lu+yjzSfrLJA4T5bPE=","WaDHOpzYR8nGGJ+kUxvwT8zofqvolySbCw6DxvRRkGU=","JMz3NCvq4Vks+p/kbWF9/De6cpkaF+rujjeY36ospzE=","rA1LAMSk6eI59lTXXaL0nWNb4YxrXBDbvEEQO0CNmu0="],"block_size":4096,"path":"popup.html"},{"block_hashes":["+HV+qSjg1RUz2psE0JTq1dDNwX5rf475oIQub8QVxq4=","/Ry4llpCSsWUFLJDqqv2pHotXlbyM5/JQl/WRb0EX5w=","eE5c+ZueUHZ7sgpReN6KltZNEg9Br8Rxs52McNUilb4=","9YytkpFb3TV6LBNP/koppnkwJ+kYXNJ4pYFsoMNkt5o=","xMF1e2+OWwsS7QNAz969O4usRWH+SkrZBna12JylbuQ=","ZWLs6zBUW1XzHh3+aVYFF5e+1YazAzY7pP1JHOPB020=","Mzt/y1e//NX/0I21RhrkvwfdoZbm6RMNk66EvlIW860=","5KeUKKMphvkHR+uE/EX3UwoYlpjHkUUtEzYnq5cPUOQ=","cxlyIG6qN+n1Gx0FXVO+GEzh2ANb7E8VxOGA47hfMvs=","7Fq9ierELgxMi+T3QA9vuLL0lvTzEjRiWZxJJir3nys=","Tn23Mu6g2+X2Hf/fhx7pRviGBjhQjLaOtiEw06gawiU=","lTTNZUDtj/FZgNCjiB2UR9V9rMyssPOcLdBN1eKi6jE=","xhFJC3Y4BPTm/MTCVp5tX0F4gQbicflPVGP8901Ob/4=","8W7x8fvJH/kcRkJwWTlFSV1Uot1DYjLuReGSTfpYNVM=","k+Bqz3ZAnIHH/2qhmDjeLe7CmMF+eBkCoP7WVfS1f5s=","8JJUwwZtY7eYHYuyBQfWsGLCJKWsXy7ACrqGSN8IwE8=","/ARdOm+HBwLTP6NAPGDLNkbsXU9+kw5sojEs+URcufA=","IUi4ygnAQWrG2RBJIThYbBMjgL8YBqWrIUcLyW6jTMg=","MyuF5FVKQasx/wbAcVB2d8gh0cdBiaKhq6TWcnesjzk=","0cOhq+r6YGgxpw0SJDxpozhy91l33AmjB234d2lYMlU=","hzpArOYrGJ1yOo3aU/BfVHral2yq+RvlBIpMeK/SyQU=","vkHIdqVH0zuXdHi4Ol/mMMZK9okN1pLh+1wL21nG9qE=","+hz9EViFJuKAWEBWlFky9ahIrzgwH11ag8CRMk+oCvw=","3X1NAopF0AR+gO0sB7MLMWr5TGa8mHilmBJqksqKMY0=","M+xiyPMawlO5A0XXs5T8OqpU0a8e1KOJTHJTMd2hVLE=","LJi61mvSKqDvPjHFqNfsF9RLBemKICJGqtycG58cEk0=","UJYf62B1g/Y2PH101cQwCyD8VlF2V7Nyram07z0Lp/o=","oVN2kX92hqEebVnDESkzSP8cFdD7haPjsux0cx4k3OM=","sIJubN3qTGlO8xs2eXGlE1Qgjoj2JbB9csQiWekVicQ=","zL5FlkJVseoG4qSE0JjpzHEQxWKT123yRyemBbkwf/0=","yELM34B1bKZQA4euu64+C4jIY1r8+gpu3L5L1fMTMCo=","Bwk2ICxOwBhfHa+cODf5Byc4V55oIygm8Tzx9tUgrMo=","TFwJIPYpkFxiL2JTJALclUNa55FiSLh/XiLNSMNYvJw=","ntb+ER+416QFD7w3WDRNDSrZCp13RNVO9SW7hnW0xRs=","fP5bnrvpstVipKSXUbtjzwtg3qa58GIAFhA6afW3Wh4=","KIrL+xWT8XoypGoPty6sUOQhsjcr1qdVMrNglDRvHOA=","TTawAeoWo6IY32aDKyrBIoK0LJ+/ymMMnDqmZWMAmYo=","N7B3iR7ByusuivoPr/nZZUs1mtae1PMwtlnqv/Scoz8=","VhaPVMejnKU20sFK11oMG95FMAbcY/wUPbI4FwdoQh4=","DTdLaiccfKAM/08r64mwA7QlGGvm67F3m9+ATkTbhPY=","M2L81hX1DPqifEeXqYGp22mdtWNt/EWz322mfj41K68=","ag8rFVSuvmytmGw35FLp83TPh72uzJ90T+OpBU6qj2Y=","4MISsl7DHffP4PUPUy32PvFKM8NnGXjRQnfLKNXE3Gs=","WBRPL2glet3yh0x5qiJ2MfIDIYpK/M6N5if20R+xgrw=","vJ9cLlnvuVcjHsRLs0o10mEFhvIal2a9WG6QEzs3i+k=","2LqeUalMnZGvwwjhl5b/+ojgw/H4ZTQ6RVWzW2/dA6U=","4He3BXN5b+LC74hZkdF2/i7h+idarKn5Un9Imt68PXU=","BGY5yy8Rh+86/z3oV3xi/M1PU0jm9OCo17SwsIMMwAc=","XXo4kEkaigKWBb4BshWotfu+KIK4D0tYcvbtJ72P1tw=","TU35UqPIMw3wPqYRfZAsp3EJ8p8fbve2/1tzA53TaOQ=","h5ecb9WnGvgv14kPtN5DKCNb58RHfiOlfAF6gcl0KRE=","9LL+1lhwrYxInB2Bf7GSnsLyu/Rlxs24FmuEcC+uZqg=","2flhThmPg/R6E2VUsXd4GK/cUy8w2QBlF39ieHjVka8=","NOiEsyTVYbJHPJr99doNEefXvCOIdD1qLlX9z0nPtKo=","yybf5Uik+3Ft8yQc9qsBl8AqVUj4eXcXUh0e+DueOtI=","9IUfUY2Br/kakMKQe+8h2gfb0qqc43RpMSCpRK7bSh0=","Tk22Ud7m4JyGjoK/OCHH1RU9TWMmiikHFy+f8YCjG6s=","xHqs84Bbola/lPbirLkhyeP1oNNfJf5SxcpRNiDPDx0=","Ge0D8wZoKplwC3txCMjQAp8mUsKmb+yZIEvoP2qkcO8=","E9DEElWCCcYlBd/853EtFMFCTxN15lCWDOLJ0dsi91Q=","rIabBTxyz4uvpAK5ChcJ9b7Ki69s+nK9nmp5HRKyfG0=","gA9syk1gljP0FfX7bj4JhvkOuTmIfVf8i5TM8CW03+I=","oeX8nNuQyHxPg4/l2j1NpSr2FA0SqjmGz13778gk59A=","69RLIexqwct1d6bVpk0LK8Hh4bDxdfKk+sPzfiCx/Vw=","Tk4Qij2CbjgtoauN+pjeSZLn/v6Kjzzx2gJ+s0Ln798=","NYII+i22SZnVAQZT4zbyxpS44wZo6oo7SNKx2mKPEmo=","6DqGWrUbR5oNc9pR9fHjyPrj4B38UyBfur0xLfrMCZg=","+4PjwkJuS8UQkImZ2/CFMQSnxO/4AGlnLJisB97nnAA=","gTG38cpHA2knYawSWyhw3z8rmii9qd3Lqc+GjIvpvVk=","0x9mPH8CszHvoGtM0/P3RpBXqb00V6P/1USXSvUyaeI=","HFfVSwt6E5X2Ihn9muAmLJiujVknHdCFhE3YvFtLu8w=","tIpnnK2jMUVU8RQNIplh9/4AGqg78GfI2wQ+MBGyrT0=","GZ7k4rpLZAztFDDHbLOurZ3PPHrx7+boP7ELFg2zQrY=","Z2SuG8XHORgrZ6A4D5S/ovANxEcQj+DaLLQwmd6tByU=","iTsSxBqw9v86nMFuRHewjmn5iqx7srDUYiuIw98sqm4=","Y9oSzZknS2+QhVpxgVYTjTbpP+FJdfBbpEInSnQKHMg=","5xybI9LGJiJddx1IUAWU2oUn1P0dn6Ll9bZPiGkZKrY=","55rVNJvQEhGIs4l0BmXwbWjdzEjg1RAMfmQcyM14EsU=","Ga5Fu8OW21NoP0BvMgGkZBn/BrN3wH+vi6IUHyEMrWY=","I2qR/ZRFxOZiRuwqfdr2H9h8a6hpzfkV2AZCZY/Ioaw=","2HAm4jHCO9IUBF65rFReC15ZIF/nSMTQ5UwbTEk0Z+s=","szRc0k0PstxqiT/pkZuVhHaQieJvIgH5DSpJGKNJXvc=","foB1f8PfTcRb4ICWzlbWQOWFaoNQAafZ18CZvnaSBnY=","63yApzPtgrK7Lvgi6VlmrVScRTVPHwQ1EemYxs0NoUw=","qHr6Xb+lVj/mUNBXfuYvKKLhnqzREVDR4tFiCOVeRUY=","5XhqB/eaWP2bOPaSp2sum7OYErMOoxqxie8h53bV/oQ=","KYtctezeTnykvD/1XsEfK8GGwwXBZn3IASe65TFn64I=","qeuD8cm0qGsT+Q8QMGaMOK6iaoiHcMJMTrrtJUp/RwU=","CHzHCTT2xzVo6kpR4snnV8By8dOZLTpEogYE8aSCQ/M=","CFW/3qhfndfNNQKjIv5VVp9glu9dayuqDTmMY0umei0=","9IGgGwURBsV1qgMkXCzqJxxWRml47q1jR6Mpzs/ejhA=","K3/di9p/KglBu2yJ8TaNavJ6G/5wOZth9F/pj6ncglo=","YosSK2otmA4RiWYDrP8EpppKELhkq6ulRES3WKt0fzY=","1YO4jIqee2md8gFC5TYcJI5Df/On+EkZ5dnFbN6B2aQ=","ZGAEkIBIRCfoZI9OV/28reBZoj+exfUXR04TJ+nBdOs=","TS4KXy5OV+nExBTp24pcfPFrpM7apSbw6dJcQYeaPIs=","RBZFwSh+viV/OSfe4SyRxQrOjWcJv5dEjSG/sU3Qpns=","crcBzCI8lkEMyYNnZR+nvhaIzJZecZZrQgtutr9Uols=","wDiQ9F2/KEnUBim/nh+OlVb6UsFaOKKu6N9hqEu9/5I=","MgCbh62DLc0DJ8kyR0o5m/xtwXrWjEdsOhvvH7vQlQI=","lJ0st/G9epanHRWFr6bTLZCNpzFJMAQXPBpw04Tga68=","naE6lDtvy+SydHiCynE7+/aMDAaNCqQHdCy7UBESAXY=","HuBes6AqF4ms3xmYZor+HlD6q+Q2Zl/xXG/Ms2CA2vs=","T3lHNtwQ/kpSnuKpBXzRmXB64feZMROfTHD1+pD3WNo=","J3fx8pFAMq2B6acvLreJdhDo9l7t49ikwiSM3n7a8rk=","IZOmGleQfOVAX2UNI7ZflvNhzhYGgJgfgh93lhV7elY=","7Y7DtCP2YCXN0X/gh5FIFRHYtA62DjVqXbzgngiNLCM=","LH/kTXGzZEQWMxWRYrOVzcBH28FuWvW0uSETTANcjhw=","k+MZ8nQo0BouReUMBWzhccy9Bmp4vWpSGBzp9CZltSU=","zypzwrf7LvbWbHUXYAgGkyGfAUyIsodVhrraldh/YRE=","7kKtkpB+CuAbTmLSYLB+inbha2jPopZKvb/pmNCRblM=","A1ASdG5ZLI/E0WB10UAo2VBFVnDiIH+of7FYBiv2hRg=","vn33mwHw/INB+GiSGmpqhefI47OVpVzb74KMlKpweFM=","ffMhCYufTjdn0mrxUhEY+ZgYT5FmAxkUfObhPhtQAAY=","C+A6iPH56mXFZnorEISvPlJ8RnA+8KVlXEuC8KNwIV0=","05HcpBgbPWsYO88rbs3rt+y3WrH/QLOKYfEYJXC1VXw=","9XF1HnWFnd1W6+xkqKKYPns8DtABgJAO3O4DSkFta34=","JVr7dtj4Q3CM8gQhvEoqGqCGWUdrgnaGgWD1X9tWZKQ=","UsTvQmi+X43tu1E+gfqAelInzPcLvaeDyVQI+i+7sM8=","l/WmUflOqpADs4KM6JQSRpYU8czV91GpYZ6GyjV0rO4=","FkKWk+SG5xO0tOlvWpFIVAGn35TyEU0vSTaK86O3viA=","cfRbvq5+gbTyo/ENKjsftY2BFFFzs13tJ41DotpBo3U=","MwEcqvM1daBj22MYRukvX4o4BftodlWxzF9rrjR00u4=","6hDUYWp2DMOFhxxtKKsNVy2rl6g7/rYo7VmaLxrS8Uk=","bcwDiAOmrZifBGWq0qnxpJPWdFVZt5oMag89l+dbkvk=","jLGGaRYWs5psfkXyplmu+JR8OlDfuOv5IBjQv49gig4=","zWBzsYhL8hyQIGff6nK5IYeW9nlGqZsjFUROi+TIgAw=","eMcthEM0/SzV845f1g9oRNLoTiSkg8kJ+RUgiUYbZFA=","oZv8TLeXmc+mY3eijAXb41svXb/rAfLqn5wjRsikdt8=","EUj+VNzcSJu8llbzoTV/FCKgh6kVGYeEc/MBs1fwPWk=","7xOHyXYcmZQk7r8wSy9qXAJPNLL1cwBdSb1ZOgmcpQY=","wYogzXw6jnJNPstnr++eDmDhvTdodOISQTsDYLItgvo=","O38ZeymM64dzakgV2Z3spNsOuXLubeIkf66TQJ7DFZA=","QsOupRfzkGoRuZKVRYZxiTxkZSZgIgpi/6vw9XbVsjM=","xihNECfKnOVda17rTA4r+CNQPywWjEJL/f+P5dwo/yA=","evzTk4qbpF27G4NvjaxX8KO1/uQa8Hr9VpV3HzFD0p4=","BNqCFossFdTNPMcu3k+m8jwAZWwZxjUnt7Sh1jzRXEI=","3xs4bpS79O/TqUPG3jLAbs60RZL8nx69h7KNWCoHNf8=","sSmHMQexEfxkHJnFmvc/r2MR2cc1lbUmZUNyZnBd84s=","D0ptnT1lUTGTMkwksKdKID3pDtD39fWSlIRGXi/axYs=","kP1p1kyg85WrkIUv8jTmw/f2Bt/wxyZshKEfJRW6Sc8=","D4HrTmHLRO2yyRhLmS55P27CWADCnZeWuA+4ZZp7JNM=","5JykD7/p0pH7OMBCp5/TCUzf3zMT5fSb09q3AKRlKbg=","3VBeEYg1LhE2Ql23dcMOqkHZznRd77pWkJN58nDckyI=","oxJy+KC7eDk6MC0eWZ8gHvAyy1Jivz0o3JTRusKcjGc=","1y4UzfIjD4HdaDUQvoP1zpUylVC+W+bxggSdXAcHYgw=","qNDSVD9S4vIdFmlSjp2XoW+ZeYt22MF7TowwKhjpQ30=","s1Gv/GZ2GFjqNuU16/TFILMJhFpJHtEYeJlAvxnrrqc=","tC74eP0A4hhxWEStcBaQJoCsA6Wt5RU9UiyfNbFDdzM=","pHcMRij90LULAstsnHE8lbSjN5haa3O6eWa87Jlp9rE=","bnyWIPFkKF9NMwcvJCdkOzOfZ7GHpmPy2HnU50novkE=","ocCM745gAv0ITfcrsvQ3+hyANsig5z4GKmhUO2aYpi8=","cwy9IYm1mh2lSpw4rowJGcZ+GONazsVyioallZm+HrQ=","HRFws9zbVk6nfRNtBKAUzxfVeyt9/knqLVzIpWGEJcA=","4vwv4JnprUjNyeoKXgTCGMZcJShcNsoFuJ71ZBrPDeQ=","8O7dl0SfnDRBNVEO7bqwo3JI+WtFijNc3oT46oNaPfo=","TfXvUqguG7ZkpWfnsO/oHInIN4BWF8m8odVeEm11ahY=","MkHA+AgJPkpi5k515lf/GfO27Ynj2sUuEiECdm3Ze0E=","FmMDxmFJO9SE5VBCbzXdTBfceyvWcJOqvHARgPA/vak=","u5mCwMLRuB8uh75XATOyChNpeRjRgzOJk7lObk+gKW8=","titOdVRJAxs3M4hJqV3WAMMBAvqQ1se3/WrfTWegRwE=","BnIEMCljmdIWYidn2Ymj/A/TdHe5x1cK2+0vPGh1K9A=","C+60XF2ZK+IMJZi8yuMUb9z8OToLsxtn60W37n/jByg=","o3oLH5KI2qNO797PWT+P6bmIdrpv+XXUgrVhXXdFgCo=","DObPbd2udL7BYkKn2QIlrw1ep9iXSmaEhhJtBqnx/60=","7gzstJyzJFqMJVLDkF2yuYinqiyWiWy+jMjjUBVgmsU=","mGtct4PEUsQDgpmndwHB26CmOcY76mrB+NqfbiZIpAE=","YGlyZOboY5SKgFwkKrZA0jCZz5tEl/h3CCbiYVdX5nU=","rGeVIoetPoVY1Qmxv0r0Ssj0WwbTpulxzRUCzDniAUk=","or4SGFnCNbRglkYi7MsNPZa0FzFESVPzNI/4B8UpPf4=","nZ9/P5U67hUe8rKykFp8NsMpytnqOpGjt+YEyyiWMlw=","taJBbhYDihGXvlkkQH8vHD13Xh+9sZq9OUSUZNotn0A=","BbSdJx/w2iBLfH96ouVxkaRNODbObX01vFM7in86Ugg=","C2ZOvu1EFgXYbvaXLHy7W40rlQgD2LYP1upMBCDlVdo=","V1ZaXleG81Mta7AQewx0lH1bqdvOYJAPTB7Qo2H2FE0=","qQ119SF+QJAFn2p3P6UEr3JoI0cgfJFUJzUWc91ICH0=","IJhCUlFkbB7HJ498W6FXCgZUwlpwWauxtBWgxmXscas=","YXWTyThQSof9Pw/7mqFY6O7s1UOhyX8psKKYREfCeoc=","uSFWfmPHoTTHRHwIYSIi1WXVC6rZnNuydo9HsbNpQvA=","VXtnKU6pr7OmAfTgsJuY2zHBAZWIBC7+J0uEZLkh3GQ=","78HDIh62ayR7jdOFQtbwEoDc5RkrU0nzvx/8FRruFiE=","7/vkizxjoNK9O9jcV/pYVzpHKUTDalMvbL4i1PqH9XY=","V+JtA3/qL4DGDpdsWk72F87ls880I4cLOqNcaNCrRpw=","7PqLFFuOQXFZPc0/ze2oCjWl5BmIwf511aHVbqv84Os=","aT/ZZyWSx4MtBQiTqDgcgDIx/G//k2KVOM7rwLu2Scs=","qU5AkO6cKHIfUOJ4H7eTtEDIeQsRiAEg/DpyaWh8c/g=","Em9huzAsVOvgbZMRDTwywHdRlsiMD+LcOdCgb80bPrs=","aPVD/Q0DkmtySpM3ChJICPHEsS0D0jh77hZvGVSCS7M=","jw/xrdUUFIeOVseWZhtSq+Qu7m+B1puMVUbVjz75r3I=","8LSmkZxxHw6mEcIo0ltY1F21GcOqnkUzH6iqkaxPL60=","NDveVaI9qKDWzN1LdyX+EWCdHhLDrat4U/yZ1BDXAkY=","K/AxEmLW/GKyOMxXddyQed14MaVDT1yMjP7SPPl5iHY=","CWeC7k1URD+BGmxI1tB0/yty4QHlRqBGJQ37xxp3faY=","1fgiNAE2jPRjHq4MgEedxvA5h+cH1vRk8fEHYKlRjAY=","Nkb6tUEG3kEg0Fpsq9kZ7dmFLTKzjH93hUHhBHC+jqs=","pwZ78RuBFo1zDx/DzaJqpb+9RZ8mjKPcgo9A9V6ZxIY=","7Asxv64ayfSXVtmiv12zRUufclgo+AJXLk/w0oSxBGw=","BwF0kFIYN6oqE88SyPqjAVl4GbblaioFWrTpdf4RRFQ=","WijDsUq80QZINbF1ZdLSbFw+PvlQDIvP32s3Mt75Co0=","Sav1HjBpROwTYSrvZsRd+q+LupQj3ZJncGbjNLvY1zg=","i8sgYKGOxlBZrZ/8hK3sQYvangVs0sliMRlHq519LDE=","yB0BirUYhwnENwWtcyvHYwDC6QzC98XBy0bXemr/k9o=","lYyoWOrD7cWMM+eKGz1xUWlU4yuT0AqtutTET8uIs5Y=","+PJ7eJINGTb6Sc/Q/Fp6SrqKMyXDt/yLqR8+oQU45kY=","7SExIvpZrtloLnDHAp6xJpLbWtyrZaP1Ouv8mzG1UhA=","qpXgLY9U84t2agUHpCokKGqQUgOal2ddyJxUWPffm0Y=","ntDFBHDFQCAq4DGgU8A09bjA/jT2va6+RjZH3cx/Gy0=","TECXWvAkSLiaQTWB9moxpZLvYynjGa7qRkxd/Rx4foY=","4nzRmTiVmWEbwgwGllxcWg11/kwyGgePvtOmbTkamCI=","ZugBjr+8SqBgrbnxQtY1+HmEMigh8j5G3WJlZvlT19Q=","5+gXeDwWSRD7Cw1f/JbKbw50RaY+qSDqmSA6Dndh49Q=","acMbelcax8ZMwLGQ9P5WmZdasAY4VkL+RlYTUKGS5jg=","/7VJ5cP9FTRop4Gof/sBB/gXVwjTNGZJ9BZsRnMxviw=","RTB+MLSqLmqwRQWUlCc8Qli4HoOe4QC3M+F5B5hFS2w=","IuE125KLPeJIpnppF2bXnNARXXxN9U81vmNfl+LLjkk=","r6/xXhenumBBNAppERk6hyc97Lv8muj3NDy4KWSwBto=","pFThTkUaiAA3w/4q8B6S+YznPFKEmJo4vte8u2+yM9A=","DGkU1+M2GFeVJv4BnCuIx+Ybt8HyEngnBqwQENoT9iI=","r+wmXumrsV8olnJTOMABQ72fY/Vb2YVBh1QMbrKSNSk=","TRBzeRWvk/pTZ4Nkg5Lby3zbji0ximdcZQBrRRmCOh0=","hY03SZeAk0/jKBvgHip00By7VVq5PBL5yrbJEU16m7Q=","3KV7PughmF5y9tAK/TToAFn85AddxUS06M1LwhGiVns=","FR50xzKgZ32LyR6eh2i9gTatqUsxbL1JHR5HgH4pNOI=","7oZJRP/liMTAxfwmYQ03KH0eydU5aUrVZDncUrSxBOg=","bQUJR8YCJP66v6EhI3TrRMLOiVlqB9BbnrH3CUfg9iU=","0aWqSIfuW2DJnheIedXhzUXS2UXLHofgwxzXVLFHJ40=","orBImIvBdSGn199fnw6x4SrFHiUOqpXhTqyHd+kaomU=","nvOesZAlRMpd/IQSzUTcKcwVRX9rTfkKDlGQmdxsGGs=","23KBemO6gz9Qw6axHeVQejv1eNAmb3oBO4C8Hvix7Pg=","cqQxS8K1JHUbbOmy0H6j2mKy2EdHZ8Ej/k3fqFJ32tc=","M+qBcNL3LE1mFgMFEBAIj7xCXouHHzFrrTXl4SP8ZmE=","JZyTn6VER+TJFT4MM2E2dmrKBAOL6SBPitXDh81170c=","JwNjLjoWAs8G5NUwRL/uBZqnFoiI/evj7LvEJ8IFGk0=","KgdVRHHIJwmLc7T6avExIFCq/Iqq8SByznMMUq+OVVM=","8IWjWDDxja5XS4fqdpyaoLMYcW3HhYaf41T7GEfdH08=","b8FoIbxTcOj9Y4VrOwD98eVHY8oz8LfGf1cLSFRaseQ=","D2ki7dUlYD+UxLGsV0reKfr1/rrppJINJQyN+YMyz4I=","S8ZrDSV8nWenmIzhKFvhnFXyE+ILzdYV9e1N0ZM4Zoc=","+QPNslmdr2oTbajh6M1bx2033dqjz+pNujx6/wJDbAE=","24rbZj1w4xxb6wG7YQx54FC/zFny4LjAg/+WXq+Z1HY=","J7+rvqKLKwuH28yfanAnNCdRhRgTJ6SSzLzyCwEV6PM=","IEwb93UaqpGl6up1gtLOQGmYtBtByDlFBvQLAoOVQXg=","gW6UF2mOqH98x8Slz5nW/S/zo09nydxUidHXuUSj4VI=","NETJKskd+0gbbNHpa4hiyVlL2jJ8vu4fP8WQx0ac6Pg=","7C3Rvgh1htjj9dP9FN74U2YcjzKBh8IOt/uDBp2eSVM=","aKSPSow1haF843/UbRWVK/fqog3jAEDeiwnIoKKl6YE=","OewSsS6n4sR5Ge+at8HCoVEC7tSuhfhtanViNaw5CYs=","QaryoqIVVgwhZycUlReu0M42+GulbC805zDkSrabX80=","20OV3GOvYjmN9ZkdHEiORtFjFLMk78N2J5PDdl5eMMA=","mhi9ZAjqU9ImzdGGHVlaj3/+V8niXQPqO/HKk4uRX/c=","zNqEqp8wmDYZdRKO57DQ9Zv23b+M6vdB+mfRU1HHis8=","atxGRTJCohB+J3FPDhW/Kw8eKJ1CudSQIAf6H9LEjkw=","Kmqh9UWuzuA46E7MfuamXTAxRvQ4y1b+FgCH99KWEZU=","5k9o5ptNGdZNhXzeVPNYfumpfdPQGzKvYXdTaE2VFpo=","qc6JdBj+e2rhts7CfAXkkE5fWFedz+JBt2RipLiIutM=","fC/MkvgszHfQubDnFBFecgxH7YWVI8/1ORxxDqBFJCc=","p1bMh49yo1e01eDo+GOnhg5z6DE5DiJcg4P4YHDR+lQ=","1zXjc0xX2V47XJLO+ONF+6VPOT1tDa7RiRfqCTtCkPo=","HiIfARDK93S042eXLWa5Ics16UBVC69SvmfdUEANlBs=","TNbVii7xH9nrxXCaHALXWdGDjAP4dWfsr2lTHNuSeVw=","d3vD44oUoMcv7JzzXJ+dCoOSLLjyHmJTjhXllzgdSCo=","x/k0b2ueXETIYNZ5KZkZfwjCQJ4gyiWbeq2Lw0zqvW4=","xePHN6Fg7qOM0w/dV6gAwXE7aGBR6AeUxhf1cDlUup8=","hTit8ql+NZdZ5g3MdxKU/USvOmoTys7RSZM9Qt82Jhw=","bx7k7ZLXBy/27lwpDNpmHNmit20oZPhIBWx5d0+f7gA=","qOVZM0Y6QD/DTsXeZuMhm86o4cOZY/DirfLnlWKxSd4=","IBxVf7jD2oUhFpsfAPlzzYPe8Pnbk6/Q54lpXZoP8ww=","CYFf54014Aw12ipwdrplr/cta8YMJtyAapaIs0HlwqQ=","MGXeeIzffjVAli6PGVRX7SClRxLYxla/uNmePNonWa0=","eiq3e/cokjKWgG4GCmw5FaoGEduy1HltGovyILPoJqA=","WgTo3EQcbmDjmShcqvhjNbiSkVe2fzVP/LF0D2QZykk=","ZP+JdHEMVL1tk2lryYCZwiBEQ/T4BFvGCRpWrJya45s=","FVBrxzDSw+WhOWxzncATy2bEgVGCfbJwgEwpdA2uoZc=","L9pxUHTlIXMN5MhNZs2d/VVP2gQj9TYI/lrLTsDVGE0=","SFqyUu8HicMH0do2Erez6yqK6zMSQLgbGdAoQ7qK9CM=","0qjtMWTUFvONk1fgQSWKKkN0fYvm2hLVjUd4XP7xuFU=","vRXuaSDu/iWMdfv6hjZ/S/rL8qdvS+E+YfgHle+xeXQ=","f6QGby/HBhQP3MIG/Px4NEKNTdeaiPk/Gfj9HujPFek=","9nx+dA1YsHpxd7S1w6BaX2K/2rPc8sJZZgLR7CTANTA=","R1y74sf0YQpEWxi3Bfc1zOF9bsBhfGAg6V2BgzhToIo=","leUenp7Gbar1t2msBPMh/lf3TIowvBzbix4WtEuKZvE=","hTNHaOQBcaIUKNHPISzDWAbvR2DVDOqznPTpt28MnbI=","ZYSMpWdzGUtn+3cbKiP6SFEGcM3wbOx0Qz7qZ4bglGA=","fjJXBba0zBRg4BE4utwtdhHtgfySQ+DodVS8XZ58Qbc=","RfUY0teM2W6YK/ZZqwqCInRdweh2Jcz1Ib339Yfl1Sc=","jtEx94h0ZjD1iR6Y4DNlagj03XE/lkstV1euTdltZmI=","UmPB8dbIOGmyDpH65KySBIvWy3oH4dqiHg88RMbmzwE=","DpHv6FjG35huT7VtlrEhwQliwUOlUZgAkwy80SwzHCY=","57tD7/wijl5kNbFJf4gBPvbyWqcpXQ/pUJoT1cqqf+M=","Wtd9GYfmmZcHD5IHjUEj3qtNyxsXfml1eD4oqSUX+Sk=","k8WkZxWgzRCHovyd5zdxJFUNFQCI0zAPHtWaeIjSfWo=","xez7W0gRXeZIvPEPm036ry2cyuvMjOHnp7FAf4aVBNY=","gChGZT+SOvq5pfiUR4n9W5KXXR88hc7vFPfVFo7ENHE=","JUXVdbY5LUpaTVN2UhT+5A8eQCTKw9udaA1R1qqghVc=","VoMLyI0N0tFV5xQHP7XeYUoGyJGm9YkjLVX64uM+jH4=","gbO38CEIoTmDM8+p3YTuc9jIQQtdYlBcolwiv13wbDg=","6JE11E0R8TL4ENN7CsuIEhqncg+2ViVnfhtMs6o7Mxc=","gF0/9YYTBT62lUlsdNg4s51G22Lo8VHta/D9EAs+G88=","+klxNbnMYNPjygSisxCnNG/w7XbLM3DmRsdn5znhf4I=","fKP59M4tAsnWdlkhInqFrgd3xaGsr7RPtqkz4EE3s4s=","iDH3p8ijo+4r59GVWfHlOxgxmj7YVjLO/A0DiabeIS4=","g2rQgVELcTCLBiQa8gt3mmqazwY0Pq5gIe4S8zLBq/w=","zXBYjlE+uA29HyroeN0A6+TKiI6AW58JjTLJdaBCqY8=","RGrysXn0+T4no6LUG/WsRT1fIlZSMMUyBPcIS8mk/CA=","dhXYBJDFjEUm7snUYajqGEK75BSaAWxtGM13FLo75g8=","Mrr8ckwH3x95xjwWEdqt4TGfHX1jG6YCWbHZYjdK6io=","xCxUkxdG+KeZo5qvuwvAnAS1IlcrPKEJBuE69EUaUEk=","Y5BDpQOie37NKkdu6XN29gkPkHEupaGnvtAggGt1vHI=","958WPdzhgCPNfxaBUuat1tYFNppzYr8xQoiPEhYBA0I=","IEWyvYh36Xwr9Wq0Ntwm8M1+sxYEGiOgNuaPpiDWEJ8=","yNDqwEwmyecJ3TNVP1jVvAZPZL+A6HSZtTMSVNsQXzM=","8SpBNzBsVkleV58ShrzQI8oOdGQd0oOnPXhA6w7pZfI=","6GO5Ycz9Y4kh8L7WohAtbBo+nu2Vutr/TC5Hc4CdikM=","InnQmOe4IcAq/7QxhmjNz4ZLxQdZqAqGgovLUERUGTQ=","XSOa/jFjMPg94Nqx3g30dEzEXOkHUXk0DRKfdRjKhXw=","oQftusuuvv/AoYA1nIcdTOEoTLJnxGYkbImy3k+bJwk=","QmpqEtXH2j5xkBVFdaVBpbtZVVWbyuEOP+zJVbRA0Bk=","ZOAipNI5iGpQqUAQNqWZGwuvZbfGkrIS/sKPyoFQg7s=","/u/ehrMk4tZOWQWW26PK5yjyYxdWIVth3XFt4irtLWU=","MwAqlqmI8v3Vhk9pp5zexVGrKFyoQQFuLSGV0hkk318=","510PKsEye89jKlw3utxKao0RrYjrrodzt2JfzVdWCPk=","rsD54vyth7FsWBZzVz4bnFpCDFRNGdlorBY5ts/UCPQ=","e/NVaQJvBbnOKE5thQ4qKW4yCPDsdAufH/7qdiJ13IU=","e4axYKWtsR7KcPsDaCf3KjZWhK2YF27SurPYMjaZjVY=","vwsksLI0X4pQPsvV/SRSYls4vLM9dcpsoyxdqUkxVgQ=","ZQG67KZ34kAU6XU6VxAy6ui1X54fQEwj2Bew7oX0ru8=","0Rcmsm9BEbHjYBiqk5LuenQS4n4x/0f02T4i8OxcJ9M=","IgNWSfU+0CGEQviZiTv0vng+hUQgQzBdmKUBD5evhrQ=","DZZNKAz9oia9RTsfZD55vjttHv1PP7OMTKcgXEO3mPo=","OKr71Gv6GhTtmjILQDLvISpWSvdAHb0TPFHUfgpxw9c=","NacDShZCTca1c4ALJtBCDOCosPwLV2ULXN88dBTBMbk=","cZ8y1+gPoFpaevgMwbdPjx7AZvGBxGEcV9k3QFhbGuk=","tvTu/1LtK5NSozyg9R2Z7Q6fbzAKS0L5j/sD+VNacHs=","hpl034oLwZRvzSFbGxxI5yNpIHlgOYE0GE+8qPkTDhw=","lQWMOtjQAR55XigjGegy3pokdza9CkIfn6XAi+FciYk=","sm6gxqssxr/Foy2aoGeKlUSz3OQoCLSfuqdrA2DoRBs=","Ih11MwV72FvqASqv1SdV9Rq3X4JlfJCNUREgTtfvdkA=","M/n+j/6QZugKxBwfCSUED99hgUJHsTiGT4NzAuGb8tA=","MQcsxrBefCFOYtiPHLUZGrhFoWxkCOQ9zfNbB+E2ZbM=","Oi8/Yjmrot3bzn/Iv5R4oWOOMxJ93SzgzxtpDZV1geA=","9p+7rXhq7nXwsGSltKFy//M4VNgZ2dQlpv6nxjKe2f0=","sXpPV+yONUAZZs2VPgx8WsfPQ/vO31wuGoLkmBepL2E=","7VglpgOC/ptfeZoEKnIDpd3gaWHHyWWToq9PmhyGdvg=","yOlDYRebGaX+ZPL3i3gAXRWGtnv1owN/xUzUVI4pZ6o=","Y6n9SBtnoc7Z8dps0+N/67Nv1aFzBETVsQjhM25gUT4=","wbrMXebPK3viweT0/pqGAYGvDIPF4A1CTIVPLyGNu+4=","J8XZBWQOIq7QM/QO23MPfIK0zqtTOWHQ+CxN9L5pfWU=","aLepJ69vsnlkjOVG8IJpBPCbssh2j9CL4u5c2ZoKEk0=","whjx++fySL7m3wY16KdZVLfFczyvXOwbabWM3ZE6MBw=","0HDOTZgtSQEAGyA2vgUN0KI5ZM718vLAQY9wimPYhrk=","ItCXTHXfMUcxMyjinNT8puUvKUdZctHcQHKFbRg5oXs=","vYPnRGTtx9eft8RJMwjgRUX7x+nB9aC08LRS8mKp2dE=","PkJC4jZQtypnA/3u5wEhSqI8mcq4/alL3OY+DEn9+Ps=","7ESqobz0tmGW+OjLOIZrrZzpCjfkMzeDcc5NCZxY0aw=","cLwxaRmIFvbZo6XhfDVfovFrpo9+WCOO4VfSCBmEyOU=","8My4Q1oTYtk9Xvu2dvqX6p4t1ylaGuKsfRb6xX/Qehg=","mLIgtEDJVRXFi/UglSnXR2KsD6Bem7LA8HHYjqsDPbs=","KsimvhTzWMLtpGHv0XrfR8SVjUtd5ASxUijCMHG5dKU=","v6Kdqoy0ZUR8Bv/KJzHay/rgZxrXj5pfQKDb/CHOsnw=","fH/Wbwwkig4w8FuE9yGj4Gx/i/bAFqpx+2QL0o0QKzg=","rVEUpk+QJG0HonPTpfInITtZWg/f3CPyv/OIX5P1OaY=","5J0mmeWHNsMGFQiSITZl3bJQ5ayuE+zornaKntm0akE=","K66V/awVEKFz1lJvwZWJkc5vS7gvAkTDX7IiEginhVU=","4859TTJmOyFD7XOnGR8gpnlA/buu5JJk44SbYoPAuFU=","e4cHldUEBkBXvrGcjEgMXlXIe5YvErlZ5AAysm39H54=","RBpFZnX29mfRU0eFssPwjukhq3WRuKxGHqsAXD/U7Yg=","exdRNK6yZXnzkHzUzOrmcyaUD4+fQPUZlFwJmIupEyA=","+xJBrgaSZ6fJxGkGMzySuWJgxaKnVk7Gp+cT1jqXV6I=","VHhy9N7PdW3BFokn60pBklByRR0uRTrLsu33YcTVoa8=","pYDwSeWhdYOp8MksgwQB9XOCz7Xt9uX086v6FKHI9LA=","7Hmb4mImf1IKrsuB6F8jYFvAfV9cy+lFhyZ14/ULooU=","jrpd2dP0/kc3Yi5KnhCGDuO6jyuCtvwK4F3w2wQUboY=","e6ahA7SLGq39oL5qACu+3+ieCY+oOv4e2l/SXrqty0E=","053kLL2CQUl8079mMd/RPIzbvMQzrubfYcoQC4SXBUE=","QszsmnxVOoGfTZDFEhZSloceNG1zbKqclREFr0HQ5Pc=","4XQTLqnHWWb67TpUzPFigS3TiimfNEP3B//0T54RrqY=","RZohq6t0IrgkioPjIeoo2iepHEOXNlo4xEcVWZD976w=","1xfycE1LqNli/w3SABg1UyAlWbOf7SeFW7RFuzwCShc=","egrXB1bXPe2SK4Encvg2WsW2DIM3A83SqtAPZXSoUu8=","UPSAMc+g0s6lsBz5rudeDrS1UcZWm2WMVZHrgkfEap8=","MT98WV89AtKH7o1jUMfXtD7vD6BMhkYdrX5Xy9eX7hU=","Z+75DFqR+BPLkP1Cc0Qzqvkab+Dy0diqH7v4BJEFrJI=","Frp1/BNd3cfwZ2tm+6DAWxwRDwyqYN2RYrTaJKk0Qlo=","+Vaha/SuQERj6eMZ4HzkdY7JptJV2N+ScDT5cH7cBd0=","liHCQSRTv2wbtQER6o7tBS5y7agGgGawGgSMV+7gbTE=","cNBwocjbcQQ6JDmHjf4X5GGH4NQz51l/mQVcHeG6pcY=","wfeUSkfR3kai8flibNuQSlTrMIdF/UkyPunBEyF1HYE=","Z+6KKml7zLkaDIjsK7qgCiR58hXmJhmpbn2yn8ylZ2E=","VdPzbiUTWB54w1OxvGgU6fP2Fp9oans54c4QdV1KlmM=","keaVqDFzlafj+EA4XglsctDLyFplswa2ZOdF1oqQb44=","RDzUpyn30Ph06GojXGakrhXPZMbKqo9V6K9HpAt45jU=","CGFExzozcI0/NNFrwVX+V1Z5UbUoZv/u8aRUfACRMfE=","RP/g6/Rq7HgNFoYWDKJ4gKAYwvp94Oyad3dMpNZ/IOo=","w0tdE3Bep1/2IfFKzNzt2wa1QM1Jfi3A79WjqKhBOUI=","BtUa4qkMxeKMhQ5clVdF5KIVS1lyjQW6OzuB4D8utY8=","6aGr1du/ryAK5dxYNy3oBJ3KWQKHyGnCp2t5qnZcDKM=","tdbuhtBGIem5Mqi+kqYREu7paCDZANreoU3xDR+8+O4=","H8CIxOBYtwxDoYLcj3l4dl+XTZmfJ3iWT3Reaw6Aasw=","GkmiHFLEMDBWpG8AOk8oDcFHN7yWoJEPH2fRHWmRSyM=","3yzWG7s+m+7kQnQNWEnWL0RASPwQKPRMSJ+kBczWY+A=","gLblUd+uY9xAT7Ox5eM17fkLaBIDn1PuFz9YYTXy5Ok=","qAlwxGwdrGjsaFUVQK3sCUysuMqktaC6Ks4NIFkgXMs=","ax8D7ZIisLJ25GhuiwvUkACG35cNz2DsOALG/SyXOkM=","pyXvMFkfqqFc+rIdmz9gFpwRI/oTT/Kth/PAB9zp4xo=","ndFsB7r0i4j3aJWY/23Joi9HUlTpdmH6LbdLBxOj79A=","7pUQ+8hJkyRSFxrkwARL/m5P8KDnoNlDCB/eVyc12OA=","NpCPEyK7zMvSqbzGfyAxPzCscqyscXPY1/5gv0SflRE=","Sk8ncTmHRk/c3BTm5JAEi/gl1fEf4wJB+z/DaZsvKXk=","94AE/L6pVIquKgzEDHl0ZUWbyVHZX8CPHWNeQpg/MD4=","Ij90hv4bdHWb9fCTk6JL3XCC+eZ+P+KLsECHEMls8t4=","/2F2HayCIzdCBI8eV2wdxob0sCEYGBYlYQv0fnaBJYM=","KJoAGX7Kv+yFZ9WPrFUAYRfy8X2PaKQPWg0xGib/jP0=","Igy+IIQ2mHfrDkr4K6dXvJFw1LgKd0W8OHU5DWrn1d0=","DI2NSHf0ILFGucvldcvJ8hyv4x3cPzs2spmQo78darc=","hzB1wUlr5rgmRcWHLQyb1VBCgGqXLhb986wwGFkEzyE=","diuWHhwLLEd9e0duXqfDDZoEwH0XFem08FQhfB1QLHM=","MmzSoxfYC1suCFCW4vccJ441bdM5OfbcViSLxl5w0DI=","uzuXD69PUUczmLLK5UiXkbtrt3SngP7BRbx4EmhBs+k=","f/dDeIkd4rcTMPVE7SA5z/cB6fgueWKs2CGOdWMJ6xI=","wt0WojIFNdEachDlwyUsEGIJa39yEMLysu+CMmy1CdQ=","aWu0HYdNDWbTn9qjhr+E4dOOWKrVYDDo5jBcfp59Ls0=","uOVCH4o8ine+gEtKSkksZn0W1zbUyjLJF3401lve7UU=","EMb+YlcAx92hhKx01T+YZ6fOwoNyfhg+C0UteATMew0=","FfvEsPRERTTMEDlkjUSF4/mRAal1ofoFe+L9um0GIWo=","T+008Ic1cOSw5QZ7Ius9qHdYLkOVQjfUn6TjhdouJzA=","xqSEmrIlVr2xcdIEfTZSM1AvwM11T4zfZsf4U5f6UTA=","RrjLbji/yX9+yVbp/1K4pceTToDMYpVp+3nbVdvodkg=","UBszxYCAofiEi0GkKV1RHR5N0vgmhyDhL+kGUOxxIGs=","4cyNC8XRqDEJqas6D6h9W9r9dZacoquI0lm44zNSYH0=","dcsMYr9LdPGteXWCAFdORovJQZ/D3xjKFeS4aEfCBIg=","oo2xuZWxSDw6wqMOpggZ3RYrD/YLM5EMuDVJmwIQTto=","wb6/zpuS8yo0plZIJGi0mtYARPCGgWgc1Wq05y7BF84=","//FmTkqIleJAOA5EJauqo5xbQ/AAFw6skpca62grDf4=","VF6sjMb5ImpUVVumGJLWCOhKNhneFqovlWFI5ORUcFE=","TWnBDjjqCCn7pkjAAliIDgly+K8UeJ6aoj4tFSv6w2M=","JDLCQice0omr6N6J8QTUxDHflX+ePmGDa5l1x1Qowjc=","SgbiVT3SFxZw+OBAwZRbiDoH2jKKWqCpZ84Iq8UR82U="],"block_size":4096,"path":"popupmin.js"},{"block_hashes":["tJ+d13z8K4l1NCpRx1SNZ792YcCdO9WpU+xcqQmVuQE=","uNgQEbIzTGCGpchZ8XASJqYalEzkTXJuDf+/EJEas/M=","t1bgKPi+hOF9PURF9Hp3Q2sD1JwhOxDNMLGfgmOSKgI=","QHvf2+d5tZKUa+LN33x+VC7jYYlGVRh1rFe1pJbPt3Q=","GBAbqytsaZ8G6/wTqoxeY5vUWDqOIe+yNyPNqLsMAOQ=","nMHwXIqOApvNflfzAOMMKO0GGQV/LOKS6jRPvNRkkXA=","gcF5xQhRRTj9f+QZzwNwhLeeUuOTvRj8hxTDmmQ2HxE=","MxIbToqq5CRTlT8NYqpfzgAO64hWAMOccYapK93j5Yk=","vmZVdZlYPTrdlnvUqO+I0vhSr8Zjiz3ZPqmrQJhD6zc=","QxQF1mDSzLxSAmCGuqVNg07CDP3BUpmNP8A2G/jworI=","iOSHj7n4cuMvI0ZT08ICn6yI/hNfNrQbJftmyNzzSEc=","9z6wMloDDrH/l0MyNk4ZWR6Ipe9CpAKgUd6mIMfIOiM=","gGXd/rLqcYsYlMvg56dQu5A6Vcf2QCm5spdq165CJfQ=","uJBGynn2ChZakAJB5mSpS9gcAxCRwOToB0+vcxaxFWw=","uWcbpnG+l6uSUt2b93TAdOGEsaEGYUT/nKhFTJqa4OU=","+rmAXuCaF1VVFEM2B7RC18Olp8QgTCfKMDY0OuHMEx4=","TPRy/+My8kmNmiIuJWuOQIVnmr3HK4JnF/2a/1KbwtQ=","pud7PpisobddydVEG23wD0aNQfRZeS2s51yqfn5wxdQ=","p5HCYEOj6lFC+Q87oJ9Fh/ImKGsPqXeicN/9INK78+4=","V4GJE+fyu3gz5GxHdkZlkkhuKMBy+Q4KIG1BpMiACvE=","ktsczqwbQ5hriJICAGUmNQqlrcwmHx/XfzdO7/TeBA0=","BIsRJiLDiBZLTQOb2nB3XcjLyigGmNVZSEgEgtDFAyU=","QYGRkLLMgJQq+WbpKZffy9sFFPwchfSuZRs9s6jAXHA=","DTK8cPIZNGHBibtybkMNxdTcW09IUGxV92h7INhbnTU=","i13maswCTfdq0ll13Z86kBa8iw8ShrNBqYu07PpEdXU=","23nagV/JzslO06oHtIMDs87fZjE1Zx+7f/uHG4l85u8=","ncMoUEvp4n8kkKRYYdwdNbBPRJpYa0BKhK2dPi6HRDE=","GrRYzshBm0iOzEPW23TjehSfNbltAGzl1YrthhzkSaQ=","5PEKeLFIFF8KkX5AM3YLdaeqecOVFPXvJwdUX2kp320=","P5bO7WvYRbfWuby5+EuKwrioVlrR4e5XN8qmKCFCG04=","dyX0um0zoNWJxwbJ2SQso7ifhR6fkjDH5OyiBPVgnQc=","2sKEzlBNLiVvZv7nHJokJAlJSkNbi6T1OqEk3Fllj4A=","TP1arl/WI2YAqCktpcmhM/0hLqeQ5eWhvimJ47p/SuY=","8GDTX93q7tkfK1jz/JIMzoc9epOhXX5vgRPLZDei3nY=","zBPnR6x5/0PR9xvsyu+Hd64s+7tG47h+RJfVQoE4180=","inqY4KQyu3oyiPNIOrceAou+HgEWql+FPqFGKpRZEMc=","dsjJyAiL7hXgP4Zu872xDr/etHflabqIhb1MkbH9Uac=","fXezU0YnixVUPj6WJrmiuMNNlm378BQPtL8ppgIg48w=","ynzhJfM9NQzEKdT/SBsR2NujtEcItiFN+9SfCE7RV50=","mBbCd0gAq704idGlxR9gj6aR9lOFk1LDwYnWjwB1KZg=","wckHfAm51Sl/e3879aG881U6U0WKX5PGkjvUbMRWoQ8=","6nUQ/IsANEJmCiAwhNPikclach8yVbz8D+80g4/XwUQ=","YNUVxiaDKRP1paXrQxrBFMdf+wcs8XooMyhmshS2UKA=","em8OJq9pg3w4JZqHYGDIdj+pPiC8VD5fJKIK4ND+o7M=","VyTBRhhMrQ3ex6ueBqjr4YJcdsLE67mq4GPOjwjTH7k=","8bq7mcMbQ0MZndS2XJRMVHu05Gykgn/Sdl7/LFnvqnc=","PzlI9E94fw1T8UbSFKe1pWCHNSN8JJ5OKMKb1ELxKds=","uZ1SfnMe5jFc6z6Lkd+Ip+4e464MR2N/dAXXjXbYBDI=","atF9CvSxg5j8mNRBwaBFo43f4SQcf4NqhTgthfKfHWo=","ibcxiqDG2yAvkfGdS8/ePV1hoeNpKs9sBMIbiYsFtWQ=","t8Vu9TCy64rI6eFmorxChmSm0swxmtytXMIn5yMEE/k=","SYF/ogxmYX0a/n4z2Je1UJgweWwHd2NfCJGQHtMsR5I=","XK1cFuXAw7WOn4if/xpQzyJNYcStiSkT7sJ/dkdfR+I="],"block_size":4096,"path":"stylesheet.min.css"}],"version":2}